Traceback (most recent call last):
  File "/personal/wvpn-project/vpn/main.py", line 10, in <module>
    from api.router import main_router
  File "/personal/wvpn-project/vpn/api/router.py", line 2, in <module>
    from api.v2ray.routers import client_router
  File "/personal/wvpn-project/vpn/api/v2ray/routers/__init__.py", line 1, in <module>
    from .client import(
  File "/personal/wvpn-project/vpn/api/v2ray/routers/client.py", line 5, in <module>
    from api.v2ray.resources import service
  File "/personal/wvpn-project/vpn/api/v2ray/resources/service.py", line 14, in <module>
    django.setup()
  File "/personal/wvpn-project/vpn/.venv/lib/python3.12/site-packages/django/__init__.py", line 19, in setup
    configure_logging(settings.LOGGING_CONFIG, settings.LOGGING)
                      ^^^^^^^^^^^^^^^^^^^^^^^
  File "/personal/wvpn-project/vpn/.venv/lib/python3.12/site-packages/django/conf/__init__.py", line 81, in __getattr__
    self._setup(name)
  File "/personal/wvpn-project/vpn/.venv/lib/python3.12/site-packages/django/conf/__init__.py", line 68, in _setup
    self._wrapped = Settings(settings_module)
                    ^^^^^^^^^^^^^^^^^^^^^^^^^
  File "/personal/wvpn-project/vpn/.venv/lib/python3.12/site-packages/django/conf/__init__.py", line 166, in __init__
    mod = importlib.import_module(self.SETTINGS_MODULE)
          ^^^^^^^^^^^^^^^^^^^^^^^^^^^^^^^^^^^^^^^^^^^^^
  File "/usr/lib/python3.12/importlib/__init__.py", line 90, in import_module
    return _bootstrap._gcd_import(name[level:], package, level)
           ^^^^^^^^^^^^^^^^^^^^^^^^^^^^^^^^^^^^^^^^^^^^^^^^^^^^
ModuleNotFoundError: No module named 'bot_builder'
Traceback (most recent call last):
  File "/personal/wvpn-project/vpn/main.py", line 10, in <module>
    from api.router import main_router
  File "/personal/wvpn-project/vpn/api/router.py", line 2, in <module>
    from api.v2ray.routers import client_router
  File "/personal/wvpn-project/vpn/api/v2ray/routers/__init__.py", line 1, in <module>
    from .client import(
  File "/personal/wvpn-project/vpn/api/v2ray/routers/client.py", line 5, in <module>
    from api.v2ray.resources import service
  File "/personal/wvpn-project/vpn/api/v2ray/resources/service.py", line 14, in <module>
    django.setup()
  File "/personal/wvpn-project/vpn/.venv/lib/python3.12/site-packages/django/__init__.py", line 19, in setup
    configure_logging(settings.LOGGING_CONFIG, settings.LOGGING)
                      ^^^^^^^^^^^^^^^^^^^^^^^
  File "/personal/wvpn-project/vpn/.venv/lib/python3.12/site-packages/django/conf/__init__.py", line 81, in __getattr__
    self._setup(name)
  File "/personal/wvpn-project/vpn/.venv/lib/python3.12/site-packages/django/conf/__init__.py", line 68, in _setup
    self._wrapped = Settings(settings_module)
                    ^^^^^^^^^^^^^^^^^^^^^^^^^
  File "/personal/wvpn-project/vpn/.venv/lib/python3.12/site-packages/django/conf/__init__.py", line 166, in __init__
    mod = importlib.import_module(self.SETTINGS_MODULE)
          ^^^^^^^^^^^^^^^^^^^^^^^^^^^^^^^^^^^^^^^^^^^^^
  File "/usr/lib/python3.12/importlib/__init__.py", line 90, in import_module
    return _bootstrap._gcd_import(name[level:], package, level)
           ^^^^^^^^^^^^^^^^^^^^^^^^^^^^^^^^^^^^^^^^^^^^^^^^^^^^
ModuleNotFoundError: No module named 'bot_builder'
Traceback (most recent call last):
  File "/personal/wvpn-project/vpn/main.py", line 10, in <module>
    from api.router import main_router
  File "/personal/wvpn-project/vpn/api/router.py", line 2, in <module>
    from api.v2ray.routers import client_router
  File "/personal/wvpn-project/vpn/api/v2ray/routers/__init__.py", line 1, in <module>
    from .client import(
  File "/personal/wvpn-project/vpn/api/v2ray/routers/client.py", line 5, in <module>
    from api.v2ray.resources import service
  File "/personal/wvpn-project/vpn/api/v2ray/resources/service.py", line 14, in <module>
    django.setup()
  File "/personal/wvpn-project/vpn/.venv/lib/python3.12/site-packages/django/__init__.py", line 19, in setup
    configure_logging(settings.LOGGING_CONFIG, settings.LOGGING)
                      ^^^^^^^^^^^^^^^^^^^^^^^
  File "/personal/wvpn-project/vpn/.venv/lib/python3.12/site-packages/django/conf/__init__.py", line 81, in __getattr__
    self._setup(name)
  File "/personal/wvpn-project/vpn/.venv/lib/python3.12/site-packages/django/conf/__init__.py", line 68, in _setup
    self._wrapped = Settings(settings_module)
                    ^^^^^^^^^^^^^^^^^^^^^^^^^
  File "/personal/wvpn-project/vpn/.venv/lib/python3.12/site-packages/django/conf/__init__.py", line 166, in __init__
    mod = importlib.import_module(self.SETTINGS_MODULE)
          ^^^^^^^^^^^^^^^^^^^^^^^^^^^^^^^^^^^^^^^^^^^^^
  File "/usr/lib/python3.12/importlib/__init__.py", line 90, in import_module
    return _bootstrap._gcd_import(name[level:], package, level)
           ^^^^^^^^^^^^^^^^^^^^^^^^^^^^^^^^^^^^^^^^^^^^^^^^^^^^
ModuleNotFoundError: No module named 'bot_builder'
Traceback (most recent call last):
  File "/personal/wvpn-project/vpn/main.py", line 10, in <module>
    from api.router import main_router
  File "/personal/wvpn-project/vpn/api/router.py", line 2, in <module>
    from api.v2ray.routers import client_router
  File "/personal/wvpn-project/vpn/api/v2ray/routers/__init__.py", line 1, in <module>
    from .client import(
  File "/personal/wvpn-project/vpn/api/v2ray/routers/client.py", line 5, in <module>
    from api.v2ray.resources import service
  File "/personal/wvpn-project/vpn/api/v2ray/resources/service.py", line 14, in <module>
    django.setup()
  File "/personal/wvpn-project/vpn/.venv/lib/python3.12/site-packages/django/__init__.py", line 19, in setup
    configure_logging(settings.LOGGING_CONFIG, settings.LOGGING)
                      ^^^^^^^^^^^^^^^^^^^^^^^
  File "/personal/wvpn-project/vpn/.venv/lib/python3.12/site-packages/django/conf/__init__.py", line 81, in __getattr__
    self._setup(name)
  File "/personal/wvpn-project/vpn/.venv/lib/python3.12/site-packages/django/conf/__init__.py", line 68, in _setup
    self._wrapped = Settings(settings_module)
                    ^^^^^^^^^^^^^^^^^^^^^^^^^
  File "/personal/wvpn-project/vpn/.venv/lib/python3.12/site-packages/django/conf/__init__.py", line 166, in __init__
    mod = importlib.import_module(self.SETTINGS_MODULE)
          ^^^^^^^^^^^^^^^^^^^^^^^^^^^^^^^^^^^^^^^^^^^^^
  File "/usr/lib/python3.12/importlib/__init__.py", line 90, in import_module
    return _bootstrap._gcd_import(name[level:], package, level)
           ^^^^^^^^^^^^^^^^^^^^^^^^^^^^^^^^^^^^^^^^^^^^^^^^^^^^
ModuleNotFoundError: No module named 'bot_builder'
2026-02-10 12:41:52.849 | INFO     | __main__:<module>:35 - Starting debug uvicorn
INFO:     Will watch for changes in these directories: ['/personal/wvpn-project/vpn']
ERROR:    [Errno 98] Address already in use
2026-02-10 12:41:54.391 | INFO     | __main__:<module>:35 - Starting debug uvicorn
INFO:     Will watch for changes in these directories: ['/personal/wvpn-project/vpn']
ERROR:    [Errno 98] Address already in use
2026-02-10 12:41:56.861 | INFO     | __main__:<module>:35 - Starting debug uvicorn
INFO:     Will watch for changes in these directories: ['/personal/wvpn-project/vpn']
ERROR:    [Errno 98] Address already in use
2026-02-10 12:42:00.319 | INFO     | __main__:<module>:35 - Starting debug uvicorn
INFO:     Will watch for changes in these directories: ['/personal/wvpn-project/vpn']
ERROR:    [Errno 98] Address already in use
2026-02-10 12:45:49.170 | INFO     | __main__:<module>:35 - Starting debug uvicorn
INFO:     Will watch for changes in these directories: ['/personal/wvpn-project/vpn']
INFO:     Uvicorn running on http://0.0.0.0:9001 (Press CTRL+C to quit)
INFO:     Started reloader process [774585] using StatReload
INFO:     Started server process [774616]
INFO:     Waiting for application startup.
INFO:     Application startup complete.
ERROR:    Exception in ASGI application
Traceback (most recent call last):
  File "/personal/wvpn-project/vpn/.venv/lib/python3.12/site-packages/uvicorn/protocols/http/h11_impl.py", line 403, in run_asgi
    result = await app(  # type: ignore[func-returns-value]
             ^^^^^^^^^^^^^^^^^^^^^^^^^^^^^^^^^^^^^^^^^^^^^^
  File "/personal/wvpn-project/vpn/.venv/lib/python3.12/site-packages/uvicorn/middleware/proxy_headers.py", line 60, in __call__
    return await self.app(scope, receive, send)
           ^^^^^^^^^^^^^^^^^^^^^^^^^^^^^^^^^^^^
  File "/personal/wvpn-project/vpn/.venv/lib/python3.12/site-packages/fastapi/applications.py", line 1054, in __call__
    await super().__call__(scope, receive, send)
  File "/personal/wvpn-project/vpn/.venv/lib/python3.12/site-packages/starlette/applications.py", line 112, in __call__
    await self.middleware_stack(scope, receive, send)
  File "/personal/wvpn-project/vpn/.venv/lib/python3.12/site-packages/starlette/middleware/errors.py", line 187, in __call__
    raise exc
  File "/personal/wvpn-project/vpn/.venv/lib/python3.12/site-packages/starlette/middleware/errors.py", line 165, in __call__
    await self.app(scope, receive, _send)
  File "/personal/wvpn-project/vpn/.venv/lib/python3.12/site-packages/asgi_correlation_id/middleware.py", line 90, in __call__
    await self.app(scope, receive, handle_outgoing_request)
  File "/personal/wvpn-project/vpn/.venv/lib/python3.12/site-packages/starlette/middleware/cors.py", line 85, in __call__
    await self.app(scope, receive, send)
  File "/personal/wvpn-project/vpn/.venv/lib/python3.12/site-packages/starlette/middleware/exceptions.py", line 62, in __call__
    await wrap_app_handling_exceptions(self.app, conn)(scope, receive, send)
  File "/personal/wvpn-project/vpn/.venv/lib/python3.12/site-packages/starlette/_exception_handler.py", line 53, in wrapped_app
    raise exc
  File "/personal/wvpn-project/vpn/.venv/lib/python3.12/site-packages/starlette/_exception_handler.py", line 42, in wrapped_app
    await app(scope, receive, sender)
  File "/personal/wvpn-project/vpn/.venv/lib/python3.12/site-packages/starlette/routing.py", line 714, in __call__
    await self.middleware_stack(scope, receive, send)
  File "/personal/wvpn-project/vpn/.venv/lib/python3.12/site-packages/starlette/routing.py", line 734, in app
    await route.handle(scope, receive, send)
  File "/personal/wvpn-project/vpn/.venv/lib/python3.12/site-packages/starlette/routing.py", line 288, in handle
    await self.app(scope, receive, send)
  File "/personal/wvpn-project/vpn/.venv/lib/python3.12/site-packages/starlette/routing.py", line 76, in app
    await wrap_app_handling_exceptions(app, request)(scope, receive, send)
  File "/personal/wvpn-project/vpn/.venv/lib/python3.12/site-packages/starlette/_exception_handler.py", line 53, in wrapped_app
    raise exc
  File "/personal/wvpn-project/vpn/.venv/lib/python3.12/site-packages/starlette/_exception_handler.py", line 42, in wrapped_app
    await app(scope, receive, sender)
  File "/personal/wvpn-project/vpn/.venv/lib/python3.12/site-packages/starlette/routing.py", line 73, in app
    response = await f(request)
               ^^^^^^^^^^^^^^^^
  File "/personal/wvpn-project/vpn/.venv/lib/python3.12/site-packages/fastapi/routing.py", line 301, in app
    raw_response = await run_endpoint_function(
                   ^^^^^^^^^^^^^^^^^^^^^^^^^^^^
  File "/personal/wvpn-project/vpn/.venv/lib/python3.12/site-packages/fastapi/routing.py", line 212, in run_endpoint_function
    return await dependant.call(**values)
           ^^^^^^^^^^^^^^^^^^^^^^^^^^^^^^
  File "/personal/wvpn-project/vpn/api/v2ray/routers/client.py", line 42, in update_v2ray_user
    status = await service.V2RayProccessor.update_v2ray_user(
             ^^^^^^^^^^^^^^^^^^^^^^^^^^^^^^^^^^^^^^^^^^^^^^^^
  File "/personal/wvpn-project/vpn/api/v2ray/resources/service.py", line 100, in update_v2ray_user
    key = await get_connection_string(
          ^^^^^^^^^^^^^^^^^^^^^^^^^^^^
  File "/personal/wvpn-project/vpn/api/v2ray/resources/service.py", line 129, in get_connection_string
    public_key = inbound.stream_settings.reality_settings.get("settings").get("publicKey")
                 ^^^^^^^^^^^^^^^^^^^^^^^^^^^^^^^^^^^^^^^^^^^^^^^^^^^^^^^^^^^^
AttributeError: 'NoneType' object has no attribute 'get'
ERROR:    Exception in ASGI application
Traceback (most recent call last):
  File "/personal/wvpn-project/vpn/.venv/lib/python3.12/site-packages/uvicorn/protocols/http/h11_impl.py", line 403, in run_asgi
    result = await app(  # type: ignore[func-returns-value]
             ^^^^^^^^^^^^^^^^^^^^^^^^^^^^^^^^^^^^^^^^^^^^^^
  File "/personal/wvpn-project/vpn/.venv/lib/python3.12/site-packages/uvicorn/middleware/proxy_headers.py", line 60, in __call__
    return await self.app(scope, receive, send)
           ^^^^^^^^^^^^^^^^^^^^^^^^^^^^^^^^^^^^
  File "/personal/wvpn-project/vpn/.venv/lib/python3.12/site-packages/fastapi/applications.py", line 1054, in __call__
    await super().__call__(scope, receive, send)
  File "/personal/wvpn-project/vpn/.venv/lib/python3.12/site-packages/starlette/applications.py", line 112, in __call__
    await self.middleware_stack(scope, receive, send)
  File "/personal/wvpn-project/vpn/.venv/lib/python3.12/site-packages/starlette/middleware/errors.py", line 187, in __call__
    raise exc
  File "/personal/wvpn-project/vpn/.venv/lib/python3.12/site-packages/starlette/middleware/errors.py", line 165, in __call__
    await self.app(scope, receive, _send)
  File "/personal/wvpn-project/vpn/.venv/lib/python3.12/site-packages/asgi_correlation_id/middleware.py", line 90, in __call__
    await self.app(scope, receive, handle_outgoing_request)
  File "/personal/wvpn-project/vpn/.venv/lib/python3.12/site-packages/starlette/middleware/cors.py", line 85, in __call__
    await self.app(scope, receive, send)
  File "/personal/wvpn-project/vpn/.venv/lib/python3.12/site-packages/starlette/middleware/exceptions.py", line 62, in __call__
    await wrap_app_handling_exceptions(self.app, conn)(scope, receive, send)
  File "/personal/wvpn-project/vpn/.venv/lib/python3.12/site-packages/starlette/_exception_handler.py", line 53, in wrapped_app
    raise exc
  File "/personal/wvpn-project/vpn/.venv/lib/python3.12/site-packages/starlette/_exception_handler.py", line 42, in wrapped_app
    await app(scope, receive, sender)
  File "/personal/wvpn-project/vpn/.venv/lib/python3.12/site-packages/starlette/routing.py", line 714, in __call__
    await self.middleware_stack(scope, receive, send)
  File "/personal/wvpn-project/vpn/.venv/lib/python3.12/site-packages/starlette/routing.py", line 734, in app
    await route.handle(scope, receive, send)
  File "/personal/wvpn-project/vpn/.venv/lib/python3.12/site-packages/starlette/routing.py", line 288, in handle
    await self.app(scope, receive, send)
  File "/personal/wvpn-project/vpn/.venv/lib/python3.12/site-packages/starlette/routing.py", line 76, in app
    await wrap_app_handling_exceptions(app, request)(scope, receive, send)
  File "/personal/wvpn-project/vpn/.venv/lib/python3.12/site-packages/starlette/_exception_handler.py", line 53, in wrapped_app
    raise exc
  File "/personal/wvpn-project/vpn/.venv/lib/python3.12/site-packages/starlette/_exception_handler.py", line 42, in wrapped_app
    await app(scope, receive, sender)
  File "/personal/wvpn-project/vpn/.venv/lib/python3.12/site-packages/starlette/routing.py", line 73, in app
    response = await f(request)
               ^^^^^^^^^^^^^^^^
  File "/personal/wvpn-project/vpn/.venv/lib/python3.12/site-packages/fastapi/routing.py", line 301, in app
    raw_response = await run_endpoint_function(
                   ^^^^^^^^^^^^^^^^^^^^^^^^^^^^
  File "/personal/wvpn-project/vpn/.venv/lib/python3.12/site-packages/fastapi/routing.py", line 212, in run_endpoint_function
    return await dependant.call(**values)
           ^^^^^^^^^^^^^^^^^^^^^^^^^^^^^^
  File "/personal/wvpn-project/vpn/api/v2ray/routers/client.py", line 42, in update_v2ray_user
    status = await service.V2RayProccessor.update_v2ray_user(
             ^^^^^^^^^^^^^^^^^^^^^^^^^^^^^^^^^^^^^^^^^^^^^^^^
  File "/personal/wvpn-project/vpn/api/v2ray/resources/service.py", line 100, in update_v2ray_user
    key = await get_connection_string(
          ^^^^^^^^^^^^^^^^^^^^^^^^^^^^
  File "/personal/wvpn-project/vpn/api/v2ray/resources/service.py", line 129, in get_connection_string
    public_key = inbound.stream_settings.reality_settings.get("settings").get("publicKey")
                 ^^^^^^^^^^^^^^^^^^^^^^^^^^^^^^^^^^^^^^^^^^^^^^^^^^^^^^^^^^^^
AttributeError: 'NoneType' object has no attribute 'get'
ERROR:    Exception in ASGI application
Traceback (most recent call last):
  File "/personal/wvpn-project/vpn/.venv/lib/python3.12/site-packages/uvicorn/protocols/http/h11_impl.py", line 403, in run_asgi
    result = await app(  # type: ignore[func-returns-value]
             ^^^^^^^^^^^^^^^^^^^^^^^^^^^^^^^^^^^^^^^^^^^^^^
  File "/personal/wvpn-project/vpn/.venv/lib/python3.12/site-packages/uvicorn/middleware/proxy_headers.py", line 60, in __call__
    return await self.app(scope, receive, send)
           ^^^^^^^^^^^^^^^^^^^^^^^^^^^^^^^^^^^^
  File "/personal/wvpn-project/vpn/.venv/lib/python3.12/site-packages/fastapi/applications.py", line 1054, in __call__
    await super().__call__(scope, receive, send)
  File "/personal/wvpn-project/vpn/.venv/lib/python3.12/site-packages/starlette/applications.py", line 112, in __call__
    await self.middleware_stack(scope, receive, send)
  File "/personal/wvpn-project/vpn/.venv/lib/python3.12/site-packages/starlette/middleware/errors.py", line 187, in __call__
    raise exc
  File "/personal/wvpn-project/vpn/.venv/lib/python3.12/site-packages/starlette/middleware/errors.py", line 165, in __call__
    await self.app(scope, receive, _send)
  File "/personal/wvpn-project/vpn/.venv/lib/python3.12/site-packages/asgi_correlation_id/middleware.py", line 90, in __call__
    await self.app(scope, receive, handle_outgoing_request)
  File "/personal/wvpn-project/vpn/.venv/lib/python3.12/site-packages/starlette/middleware/cors.py", line 85, in __call__
    await self.app(scope, receive, send)
  File "/personal/wvpn-project/vpn/.venv/lib/python3.12/site-packages/starlette/middleware/exceptions.py", line 62, in __call__
    await wrap_app_handling_exceptions(self.app, conn)(scope, receive, send)
  File "/personal/wvpn-project/vpn/.venv/lib/python3.12/site-packages/starlette/_exception_handler.py", line 53, in wrapped_app
    raise exc
  File "/personal/wvpn-project/vpn/.venv/lib/python3.12/site-packages/starlette/_exception_handler.py", line 42, in wrapped_app
    await app(scope, receive, sender)
  File "/personal/wvpn-project/vpn/.venv/lib/python3.12/site-packages/starlette/routing.py", line 714, in __call__
    await self.middleware_stack(scope, receive, send)
  File "/personal/wvpn-project/vpn/.venv/lib/python3.12/site-packages/starlette/routing.py", line 734, in app
    await route.handle(scope, receive, send)
  File "/personal/wvpn-project/vpn/.venv/lib/python3.12/site-packages/starlette/routing.py", line 288, in handle
    await self.app(scope, receive, send)
  File "/personal/wvpn-project/vpn/.venv/lib/python3.12/site-packages/starlette/routing.py", line 76, in app
    await wrap_app_handling_exceptions(app, request)(scope, receive, send)
  File "/personal/wvpn-project/vpn/.venv/lib/python3.12/site-packages/starlette/_exception_handler.py", line 53, in wrapped_app
    raise exc
  File "/personal/wvpn-project/vpn/.venv/lib/python3.12/site-packages/starlette/_exception_handler.py", line 42, in wrapped_app
    await app(scope, receive, sender)
  File "/personal/wvpn-project/vpn/.venv/lib/python3.12/site-packages/starlette/routing.py", line 73, in app
    response = await f(request)
               ^^^^^^^^^^^^^^^^
  File "/personal/wvpn-project/vpn/.venv/lib/python3.12/site-packages/fastapi/routing.py", line 301, in app
    raw_response = await run_endpoint_function(
                   ^^^^^^^^^^^^^^^^^^^^^^^^^^^^
  File "/personal/wvpn-project/vpn/.venv/lib/python3.12/site-packages/fastapi/routing.py", line 212, in run_endpoint_function
    return await dependant.call(**values)
           ^^^^^^^^^^^^^^^^^^^^^^^^^^^^^^
  File "/personal/wvpn-project/vpn/api/v2ray/routers/client.py", line 42, in update_v2ray_user
    status = await service.V2RayProccessor.update_v2ray_user(
             ^^^^^^^^^^^^^^^^^^^^^^^^^^^^^^^^^^^^^^^^^^^^^^^^
  File "/personal/wvpn-project/vpn/api/v2ray/resources/service.py", line 100, in update_v2ray_user
    key = await get_connection_string(
          ^^^^^^^^^^^^^^^^^^^^^^^^^^^^
  File "/personal/wvpn-project/vpn/api/v2ray/resources/service.py", line 129, in get_connection_string
    public_key = inbound.stream_settings.reality_settings.get("settings").get("publicKey")
                 ^^^^^^^^^^^^^^^^^^^^^^^^^^^^^^^^^^^^^^^^^^^^^^^^^^^^^^^^^^^^
AttributeError: 'NoneType' object has no attribute 'get'
ERROR:    Exception in ASGI application
Traceback (most recent call last):
  File "/personal/wvpn-project/vpn/.venv/lib/python3.12/site-packages/uvicorn/protocols/http/h11_impl.py", line 403, in run_asgi
    result = await app(  # type: ignore[func-returns-value]
             ^^^^^^^^^^^^^^^^^^^^^^^^^^^^^^^^^^^^^^^^^^^^^^
  File "/personal/wvpn-project/vpn/.venv/lib/python3.12/site-packages/uvicorn/middleware/proxy_headers.py", line 60, in __call__
    return await self.app(scope, receive, send)
           ^^^^^^^^^^^^^^^^^^^^^^^^^^^^^^^^^^^^
  File "/personal/wvpn-project/vpn/.venv/lib/python3.12/site-packages/fastapi/applications.py", line 1054, in __call__
    await super().__call__(scope, receive, send)
  File "/personal/wvpn-project/vpn/.venv/lib/python3.12/site-packages/starlette/applications.py", line 112, in __call__
    await self.middleware_stack(scope, receive, send)
  File "/personal/wvpn-project/vpn/.venv/lib/python3.12/site-packages/starlette/middleware/errors.py", line 187, in __call__
    raise exc
  File "/personal/wvpn-project/vpn/.venv/lib/python3.12/site-packages/starlette/middleware/errors.py", line 165, in __call__
    await self.app(scope, receive, _send)
  File "/personal/wvpn-project/vpn/.venv/lib/python3.12/site-packages/asgi_correlation_id/middleware.py", line 90, in __call__
    await self.app(scope, receive, handle_outgoing_request)
  File "/personal/wvpn-project/vpn/.venv/lib/python3.12/site-packages/starlette/middleware/cors.py", line 85, in __call__
    await self.app(scope, receive, send)
  File "/personal/wvpn-project/vpn/.venv/lib/python3.12/site-packages/starlette/middleware/exceptions.py", line 62, in __call__
    await wrap_app_handling_exceptions(self.app, conn)(scope, receive, send)
  File "/personal/wvpn-project/vpn/.venv/lib/python3.12/site-packages/starlette/_exception_handler.py", line 53, in wrapped_app
    raise exc
  File "/personal/wvpn-project/vpn/.venv/lib/python3.12/site-packages/starlette/_exception_handler.py", line 42, in wrapped_app
    await app(scope, receive, sender)
  File "/personal/wvpn-project/vpn/.venv/lib/python3.12/site-packages/starlette/routing.py", line 714, in __call__
    await self.middleware_stack(scope, receive, send)
  File "/personal/wvpn-project/vpn/.venv/lib/python3.12/site-packages/starlette/routing.py", line 734, in app
    await route.handle(scope, receive, send)
  File "/personal/wvpn-project/vpn/.venv/lib/python3.12/site-packages/starlette/routing.py", line 288, in handle
    await self.app(scope, receive, send)
  File "/personal/wvpn-project/vpn/.venv/lib/python3.12/site-packages/starlette/routing.py", line 76, in app
    await wrap_app_handling_exceptions(app, request)(scope, receive, send)
  File "/personal/wvpn-project/vpn/.venv/lib/python3.12/site-packages/starlette/_exception_handler.py", line 53, in wrapped_app
    raise exc
  File "/personal/wvpn-project/vpn/.venv/lib/python3.12/site-packages/starlette/_exception_handler.py", line 42, in wrapped_app
    await app(scope, receive, sender)
  File "/personal/wvpn-project/vpn/.venv/lib/python3.12/site-packages/starlette/routing.py", line 73, in app
    response = await f(request)
               ^^^^^^^^^^^^^^^^
  File "/personal/wvpn-project/vpn/.venv/lib/python3.12/site-packages/fastapi/routing.py", line 301, in app
    raw_response = await run_endpoint_function(
                   ^^^^^^^^^^^^^^^^^^^^^^^^^^^^
  File "/personal/wvpn-project/vpn/.venv/lib/python3.12/site-packages/fastapi/routing.py", line 212, in run_endpoint_function
    return await dependant.call(**values)
           ^^^^^^^^^^^^^^^^^^^^^^^^^^^^^^
  File "/personal/wvpn-project/vpn/api/v2ray/routers/client.py", line 42, in update_v2ray_user
    status = await service.V2RayProccessor.update_v2ray_user(
             ^^^^^^^^^^^^^^^^^^^^^^^^^^^^^^^^^^^^^^^^^^^^^^^^
  File "/personal/wvpn-project/vpn/api/v2ray/resources/service.py", line 100, in update_v2ray_user
    key = await get_connection_string(
          ^^^^^^^^^^^^^^^^^^^^^^^^^^^^
  File "/personal/wvpn-project/vpn/api/v2ray/resources/service.py", line 129, in get_connection_string
    public_key = inbound.stream_settings.reality_settings.get("settings").get("publicKey")
                 ^^^^^^^^^^^^^^^^^^^^^^^^^^^^^^^^^^^^^^^^^^^^^^^^^^^^^^^^^^^^
AttributeError: 'NoneType' object has no attribute 'get'
ERROR:    Exception in ASGI application
Traceback (most recent call last):
  File "/personal/wvpn-project/vpn/.venv/lib/python3.12/site-packages/uvicorn/protocols/http/h11_impl.py", line 403, in run_asgi
    result = await app(  # type: ignore[func-returns-value]
             ^^^^^^^^^^^^^^^^^^^^^^^^^^^^^^^^^^^^^^^^^^^^^^
  File "/personal/wvpn-project/vpn/.venv/lib/python3.12/site-packages/uvicorn/middleware/proxy_headers.py", line 60, in __call__
    return await self.app(scope, receive, send)
           ^^^^^^^^^^^^^^^^^^^^^^^^^^^^^^^^^^^^
  File "/personal/wvpn-project/vpn/.venv/lib/python3.12/site-packages/fastapi/applications.py", line 1054, in __call__
    await super().__call__(scope, receive, send)
  File "/personal/wvpn-project/vpn/.venv/lib/python3.12/site-packages/starlette/applications.py", line 112, in __call__
    await self.middleware_stack(scope, receive, send)
  File "/personal/wvpn-project/vpn/.venv/lib/python3.12/site-packages/starlette/middleware/errors.py", line 187, in __call__
    raise exc
  File "/personal/wvpn-project/vpn/.venv/lib/python3.12/site-packages/starlette/middleware/errors.py", line 165, in __call__
    await self.app(scope, receive, _send)
  File "/personal/wvpn-project/vpn/.venv/lib/python3.12/site-packages/asgi_correlation_id/middleware.py", line 90, in __call__
    await self.app(scope, receive, handle_outgoing_request)
  File "/personal/wvpn-project/vpn/.venv/lib/python3.12/site-packages/starlette/middleware/cors.py", line 85, in __call__
    await self.app(scope, receive, send)
  File "/personal/wvpn-project/vpn/.venv/lib/python3.12/site-packages/starlette/middleware/exceptions.py", line 62, in __call__
    await wrap_app_handling_exceptions(self.app, conn)(scope, receive, send)
  File "/personal/wvpn-project/vpn/.venv/lib/python3.12/site-packages/starlette/_exception_handler.py", line 53, in wrapped_app
    raise exc
  File "/personal/wvpn-project/vpn/.venv/lib/python3.12/site-packages/starlette/_exception_handler.py", line 42, in wrapped_app
    await app(scope, receive, sender)
  File "/personal/wvpn-project/vpn/.venv/lib/python3.12/site-packages/starlette/routing.py", line 714, in __call__
    await self.middleware_stack(scope, receive, send)
  File "/personal/wvpn-project/vpn/.venv/lib/python3.12/site-packages/starlette/routing.py", line 734, in app
    await route.handle(scope, receive, send)
  File "/personal/wvpn-project/vpn/.venv/lib/python3.12/site-packages/starlette/routing.py", line 288, in handle
    await self.app(scope, receive, send)
  File "/personal/wvpn-project/vpn/.venv/lib/python3.12/site-packages/starlette/routing.py", line 76, in app
    await wrap_app_handling_exceptions(app, request)(scope, receive, send)
  File "/personal/wvpn-project/vpn/.venv/lib/python3.12/site-packages/starlette/_exception_handler.py", line 53, in wrapped_app
    raise exc
  File "/personal/wvpn-project/vpn/.venv/lib/python3.12/site-packages/starlette/_exception_handler.py", line 42, in wrapped_app
    await app(scope, receive, sender)
  File "/personal/wvpn-project/vpn/.venv/lib/python3.12/site-packages/starlette/routing.py", line 73, in app
    response = await f(request)
               ^^^^^^^^^^^^^^^^
  File "/personal/wvpn-project/vpn/.venv/lib/python3.12/site-packages/fastapi/routing.py", line 301, in app
    raw_response = await run_endpoint_function(
                   ^^^^^^^^^^^^^^^^^^^^^^^^^^^^
  File "/personal/wvpn-project/vpn/.venv/lib/python3.12/site-packages/fastapi/routing.py", line 212, in run_endpoint_function
    return await dependant.call(**values)
           ^^^^^^^^^^^^^^^^^^^^^^^^^^^^^^
  File "/personal/wvpn-project/vpn/api/v2ray/routers/client.py", line 42, in update_v2ray_user
    status = await service.V2RayProccessor.update_v2ray_user(
             ^^^^^^^^^^^^^^^^^^^^^^^^^^^^^^^^^^^^^^^^^^^^^^^^
  File "/personal/wvpn-project/vpn/api/v2ray/resources/service.py", line 100, in update_v2ray_user
    key = await get_connection_string(
          ^^^^^^^^^^^^^^^^^^^^^^^^^^^^
  File "/personal/wvpn-project/vpn/api/v2ray/resources/service.py", line 129, in get_connection_string
    public_key = inbound.stream_settings.reality_settings.get("settings").get("publicKey")
                 ^^^^^^^^^^^^^^^^^^^^^^^^^^^^^^^^^^^^^^^^^^^^^^^^^^^^^^^^^^^^
AttributeError: 'NoneType' object has no attribute 'get'
ERROR:    Exception in ASGI application
Traceback (most recent call last):
  File "/personal/wvpn-project/vpn/.venv/lib/python3.12/site-packages/uvicorn/protocols/http/h11_impl.py", line 403, in run_asgi
    result = await app(  # type: ignore[func-returns-value]
             ^^^^^^^^^^^^^^^^^^^^^^^^^^^^^^^^^^^^^^^^^^^^^^
  File "/personal/wvpn-project/vpn/.venv/lib/python3.12/site-packages/uvicorn/middleware/proxy_headers.py", line 60, in __call__
    return await self.app(scope, receive, send)
           ^^^^^^^^^^^^^^^^^^^^^^^^^^^^^^^^^^^^
  File "/personal/wvpn-project/vpn/.venv/lib/python3.12/site-packages/fastapi/applications.py", line 1054, in __call__
    await super().__call__(scope, receive, send)
  File "/personal/wvpn-project/vpn/.venv/lib/python3.12/site-packages/starlette/applications.py", line 112, in __call__
    await self.middleware_stack(scope, receive, send)
  File "/personal/wvpn-project/vpn/.venv/lib/python3.12/site-packages/starlette/middleware/errors.py", line 187, in __call__
    raise exc
  File "/personal/wvpn-project/vpn/.venv/lib/python3.12/site-packages/starlette/middleware/errors.py", line 165, in __call__
    await self.app(scope, receive, _send)
  File "/personal/wvpn-project/vpn/.venv/lib/python3.12/site-packages/asgi_correlation_id/middleware.py", line 90, in __call__
    await self.app(scope, receive, handle_outgoing_request)
  File "/personal/wvpn-project/vpn/.venv/lib/python3.12/site-packages/starlette/middleware/cors.py", line 85, in __call__
    await self.app(scope, receive, send)
  File "/personal/wvpn-project/vpn/.venv/lib/python3.12/site-packages/starlette/middleware/exceptions.py", line 62, in __call__
    await wrap_app_handling_exceptions(self.app, conn)(scope, receive, send)
  File "/personal/wvpn-project/vpn/.venv/lib/python3.12/site-packages/starlette/_exception_handler.py", line 53, in wrapped_app
    raise exc
  File "/personal/wvpn-project/vpn/.venv/lib/python3.12/site-packages/starlette/_exception_handler.py", line 42, in wrapped_app
    await app(scope, receive, sender)
  File "/personal/wvpn-project/vpn/.venv/lib/python3.12/site-packages/starlette/routing.py", line 714, in __call__
    await self.middleware_stack(scope, receive, send)
  File "/personal/wvpn-project/vpn/.venv/lib/python3.12/site-packages/starlette/routing.py", line 734, in app
    await route.handle(scope, receive, send)
  File "/personal/wvpn-project/vpn/.venv/lib/python3.12/site-packages/starlette/routing.py", line 288, in handle
    await self.app(scope, receive, send)
  File "/personal/wvpn-project/vpn/.venv/lib/python3.12/site-packages/starlette/routing.py", line 76, in app
    await wrap_app_handling_exceptions(app, request)(scope, receive, send)
  File "/personal/wvpn-project/vpn/.venv/lib/python3.12/site-packages/starlette/_exception_handler.py", line 53, in wrapped_app
    raise exc
  File "/personal/wvpn-project/vpn/.venv/lib/python3.12/site-packages/starlette/_exception_handler.py", line 42, in wrapped_app
    await app(scope, receive, sender)
  File "/personal/wvpn-project/vpn/.venv/lib/python3.12/site-packages/starlette/routing.py", line 73, in app
    response = await f(request)
               ^^^^^^^^^^^^^^^^
  File "/personal/wvpn-project/vpn/.venv/lib/python3.12/site-packages/fastapi/routing.py", line 301, in app
    raw_response = await run_endpoint_function(
                   ^^^^^^^^^^^^^^^^^^^^^^^^^^^^
  File "/personal/wvpn-project/vpn/.venv/lib/python3.12/site-packages/fastapi/routing.py", line 212, in run_endpoint_function
    return await dependant.call(**values)
           ^^^^^^^^^^^^^^^^^^^^^^^^^^^^^^
  File "/personal/wvpn-project/vpn/api/v2ray/routers/client.py", line 42, in update_v2ray_user
    status = await service.V2RayProccessor.update_v2ray_user(
             ^^^^^^^^^^^^^^^^^^^^^^^^^^^^^^^^^^^^^^^^^^^^^^^^
  File "/personal/wvpn-project/vpn/api/v2ray/resources/service.py", line 100, in update_v2ray_user
    key = await get_connection_string(
          ^^^^^^^^^^^^^^^^^^^^^^^^^^^^
  File "/personal/wvpn-project/vpn/api/v2ray/resources/service.py", line 129, in get_connection_string
    public_key = inbound.stream_settings.reality_settings.get("settings").get("publicKey")
                 ^^^^^^^^^^^^^^^^^^^^^^^^^^^^^^^^^^^^^^^^^^^^^^^^^^^^^^^^^^^^
AttributeError: 'NoneType' object has no attribute 'get'
ERROR:    Exception in ASGI application
Traceback (most recent call last):
  File "/personal/wvpn-project/vpn/.venv/lib/python3.12/site-packages/uvicorn/protocols/http/h11_impl.py", line 403, in run_asgi
    result = await app(  # type: ignore[func-returns-value]
             ^^^^^^^^^^^^^^^^^^^^^^^^^^^^^^^^^^^^^^^^^^^^^^
  File "/personal/wvpn-project/vpn/.venv/lib/python3.12/site-packages/uvicorn/middleware/proxy_headers.py", line 60, in __call__
    return await self.app(scope, receive, send)
           ^^^^^^^^^^^^^^^^^^^^^^^^^^^^^^^^^^^^
  File "/personal/wvpn-project/vpn/.venv/lib/python3.12/site-packages/fastapi/applications.py", line 1054, in __call__
    await super().__call__(scope, receive, send)
  File "/personal/wvpn-project/vpn/.venv/lib/python3.12/site-packages/starlette/applications.py", line 112, in __call__
    await self.middleware_stack(scope, receive, send)
  File "/personal/wvpn-project/vpn/.venv/lib/python3.12/site-packages/starlette/middleware/errors.py", line 187, in __call__
    raise exc
  File "/personal/wvpn-project/vpn/.venv/lib/python3.12/site-packages/starlette/middleware/errors.py", line 165, in __call__
    await self.app(scope, receive, _send)
  File "/personal/wvpn-project/vpn/.venv/lib/python3.12/site-packages/asgi_correlation_id/middleware.py", line 90, in __call__
    await self.app(scope, receive, handle_outgoing_request)
  File "/personal/wvpn-project/vpn/.venv/lib/python3.12/site-packages/starlette/middleware/cors.py", line 85, in __call__
    await self.app(scope, receive, send)
  File "/personal/wvpn-project/vpn/.venv/lib/python3.12/site-packages/starlette/middleware/exceptions.py", line 62, in __call__
    await wrap_app_handling_exceptions(self.app, conn)(scope, receive, send)
  File "/personal/wvpn-project/vpn/.venv/lib/python3.12/site-packages/starlette/_exception_handler.py", line 53, in wrapped_app
    raise exc
  File "/personal/wvpn-project/vpn/.venv/lib/python3.12/site-packages/starlette/_exception_handler.py", line 42, in wrapped_app
    await app(scope, receive, sender)
  File "/personal/wvpn-project/vpn/.venv/lib/python3.12/site-packages/starlette/routing.py", line 714, in __call__
    await self.middleware_stack(scope, receive, send)
  File "/personal/wvpn-project/vpn/.venv/lib/python3.12/site-packages/starlette/routing.py", line 734, in app
    await route.handle(scope, receive, send)
  File "/personal/wvpn-project/vpn/.venv/lib/python3.12/site-packages/starlette/routing.py", line 288, in handle
    await self.app(scope, receive, send)
  File "/personal/wvpn-project/vpn/.venv/lib/python3.12/site-packages/starlette/routing.py", line 76, in app
    await wrap_app_handling_exceptions(app, request)(scope, receive, send)
  File "/personal/wvpn-project/vpn/.venv/lib/python3.12/site-packages/starlette/_exception_handler.py", line 53, in wrapped_app
    raise exc
  File "/personal/wvpn-project/vpn/.venv/lib/python3.12/site-packages/starlette/_exception_handler.py", line 42, in wrapped_app
    await app(scope, receive, sender)
  File "/personal/wvpn-project/vpn/.venv/lib/python3.12/site-packages/starlette/routing.py", line 73, in app
    response = await f(request)
               ^^^^^^^^^^^^^^^^
  File "/personal/wvpn-project/vpn/.venv/lib/python3.12/site-packages/fastapi/routing.py", line 301, in app
    raw_response = await run_endpoint_function(
                   ^^^^^^^^^^^^^^^^^^^^^^^^^^^^
  File "/personal/wvpn-project/vpn/.venv/lib/python3.12/site-packages/fastapi/routing.py", line 212, in run_endpoint_function
    return await dependant.call(**values)
           ^^^^^^^^^^^^^^^^^^^^^^^^^^^^^^
  File "/personal/wvpn-project/vpn/api/v2ray/routers/client.py", line 42, in update_v2ray_user
    status = await service.V2RayProccessor.update_v2ray_user(
             ^^^^^^^^^^^^^^^^^^^^^^^^^^^^^^^^^^^^^^^^^^^^^^^^
  File "/personal/wvpn-project/vpn/api/v2ray/resources/service.py", line 100, in update_v2ray_user
    key = await get_connection_string(
          ^^^^^^^^^^^^^^^^^^^^^^^^^^^^
  File "/personal/wvpn-project/vpn/api/v2ray/resources/service.py", line 129, in get_connection_string
    public_key = inbound.stream_settings.reality_settings.get("settings").get("publicKey")
                 ^^^^^^^^^^^^^^^^^^^^^^^^^^^^^^^^^^^^^^^^^^^^^^^^^^^^^^^^^^^^
AttributeError: 'NoneType' object has no attribute 'get'
WARNING:  StatReload detected changes in 'api/v2ray/resources/service.py'. Reloading...
INFO:     Shutting down
INFO:     Waiting for application shutdown.
INFO:     Application shutdown complete.
INFO:     Finished server process [774616]
INFO:     Started server process [778433]
INFO:     Waiting for application startup.
INFO:     Application startup complete.
WARNING:  StatReload detected changes in 'api/v2ray/resources/service.py'. Reloading...
INFO:     Shutting down
INFO:     Waiting for application shutdown.
INFO:     Application shutdown complete.
INFO:     Finished server process [778433]
INFO:     Started server process [778503]
INFO:     Waiting for application startup.
INFO:     Application startup complete.
INFO:     Shutting down
INFO:     Waiting for application shutdown.
INFO:     Application shutdown complete.
INFO:     Finished server process [778503]
INFO:     Stopping reloader process [774585]
2026-02-10 12:59:26.388 | INFO     | __main__:<module>:44 - Uvicorn stopped
2026-02-10 12:59:27.313 | INFO     | __main__:<module>:35 - Starting debug uvicorn
INFO:     Will watch for changes in these directories: ['/personal/wvpn-project/vpn']
INFO:     Uvicorn running on http://0.0.0.0:9001 (Press CTRL+C to quit)
INFO:     Started reloader process [778562] using StatReload
INFO:     Started server process [778587]
INFO:     Waiting for application startup.
INFO:     Application startup complete.
WARNING:  Invalid HTTP request received.
WARNING:  Invalid HTTP request received.
WARNING:  Invalid HTTP request received.
2026-02-10 17:30:06.532 | INFO     | __main__:<module>:35 - Starting debug uvicorn
INFO:     Will watch for changes in these directories: ['/personal/wvpn-project/vpn']
ERROR:    [Errno 98] Address already in use
2026-02-10 17:30:08.048 | INFO     | __main__:<module>:35 - Starting debug uvicorn
INFO:     Will watch for changes in these directories: ['/personal/wvpn-project/vpn']
ERROR:    [Errno 98] Address already in use
2026-02-10 17:30:10.064 | INFO     | __main__:<module>:35 - Starting debug uvicorn
INFO:     Will watch for changes in these directories: ['/personal/wvpn-project/vpn']
ERROR:    [Errno 98] Address already in use
2026-02-10 17:30:13.419 | INFO     | __main__:<module>:35 - Starting debug uvicorn
INFO:     Will watch for changes in these directories: ['/personal/wvpn-project/vpn']
ERROR:    [Errno 98] Address already in use
2026-02-10 17:30:17.546 | INFO     | __main__:<module>:35 - Starting debug uvicorn
INFO:     Will watch for changes in these directories: ['/personal/wvpn-project/vpn']
ERROR:    [Errno 98] Address already in use
2026-02-10 17:33:52.184 | INFO     | __main__:<module>:35 - Starting debug uvicorn
INFO:     Will watch for changes in these directories: ['/personal/wvpn-project/vpn']
INFO:     Uvicorn running on http://0.0.0.0:9001 (Press CTRL+C to quit)
INFO:     Started reloader process [859676] using StatReload
INFO:     Started server process [859731]
INFO:     Waiting for application startup.
INFO:     Application startup complete.
INFO:     Shutting down
INFO:     Waiting for application shutdown.
INFO:     Application shutdown complete.
INFO:     Finished server process [859731]
INFO:     Stopping reloader process [859676]
2026-02-10 17:40:18.980 | INFO     | __main__:<module>:44 - Uvicorn stopped
2026-02-10 17:40:20.432 | INFO     | __main__:<module>:35 - Starting debug uvicorn
INFO:     Will watch for changes in these directories: ['/personal/wvpn-project/vpn']
INFO:     Uvicorn running on http://0.0.0.0:9001 (Press CTRL+C to quit)
INFO:     Started reloader process [862009] using StatReload
INFO:     Started server process [862061]
INFO:     Waiting for application startup.
INFO:     Application startup complete.
INFO:     Shutting down
INFO:     Waiting for application shutdown.
INFO:     Application shutdown complete.
INFO:     Finished server process [862061]
INFO:     Stopping reloader process [862009]
2026-02-10 17:41:25.454 | INFO     | __main__:<module>:44 - Uvicorn stopped
2026-02-10 17:41:26.609 | INFO     | __main__:<module>:35 - Starting debug uvicorn
INFO:     Will watch for changes in these directories: ['/personal/wvpn-project/vpn']
INFO:     Uvicorn running on http://0.0.0.0:9001 (Press CTRL+C to quit)
INFO:     Started reloader process [862500] using StatReload
INFO:     Started server process [862552]
INFO:     Waiting for application startup.
INFO:     Application startup complete.
INFO:     Shutting down
INFO:     Waiting for application shutdown.
INFO:     Application shutdown complete.
INFO:     Finished server process [862552]
INFO:     Stopping reloader process [862500]
2026-02-10 17:41:35.749 | INFO     | __main__:<module>:44 - Uvicorn stopped
2026-02-10 17:41:36.952 | INFO     | __main__:<module>:35 - Starting debug uvicorn
INFO:     Will watch for changes in these directories: ['/personal/wvpn-project/vpn']
INFO:     Uvicorn running on http://0.0.0.0:9001 (Press CTRL+C to quit)
INFO:     Started reloader process [862634] using StatReload
INFO:     Started server process [862681]
INFO:     Waiting for application startup.
INFO:     Application startup complete.
INFO:     Shutting down
INFO:     Waiting for application shutdown.
INFO:     Application shutdown complete.
INFO:     Finished server process [862681]
INFO:     Stopping reloader process [862634]
2026-02-10 17:49:55.209 | INFO     | __main__:<module>:44 - Uvicorn stopped
2026-02-10 17:49:56.497 | INFO     | __main__:<module>:35 - Starting debug uvicorn
INFO:     Will watch for changes in these directories: ['/personal/wvpn-project/vpn']
INFO:     Uvicorn running on http://0.0.0.0:9001 (Press CTRL+C to quit)
INFO:     Started reloader process [865865] using StatReload
INFO:     Started server process [865911]
INFO:     Waiting for application startup.
INFO:     Application startup complete.
INFO:     Shutting down
INFO:     Waiting for application shutdown.
INFO:     Application shutdown complete.
INFO:     Finished server process [865911]
INFO:     Stopping reloader process [865865]
2026-02-10 17:52:26.195 | INFO     | __main__:<module>:44 - Uvicorn stopped
2026-02-10 17:52:27.152 | INFO     | __main__:<module>:35 - Starting debug uvicorn
INFO:     Will watch for changes in these directories: ['/personal/wvpn-project/vpn']
INFO:     Uvicorn running on http://0.0.0.0:9001 (Press CTRL+C to quit)
INFO:     Started reloader process [866865] using StatReload
INFO:     Started server process [866908]
INFO:     Waiting for application startup.
INFO:     Application startup complete.
INFO:     Shutting down
INFO:     Waiting for application shutdown.
INFO:     Application shutdown complete.
INFO:     Finished server process [866908]
INFO:     Stopping reloader process [866865]
2026-02-10 17:53:56.527 | INFO     | __main__:<module>:44 - Uvicorn stopped
2026-02-10 17:53:57.922 | INFO     | __main__:<module>:35 - Starting debug uvicorn
INFO:     Will watch for changes in these directories: ['/personal/wvpn-project/vpn']
INFO:     Uvicorn running on http://0.0.0.0:9001 (Press CTRL+C to quit)
INFO:     Started reloader process [867460] using StatReload
INFO:     Started server process [867511]
INFO:     Waiting for application startup.
INFO:     Application startup complete.
INFO:     Shutting down
INFO:     Waiting for application shutdown.
INFO:     Application shutdown complete.
INFO:     Finished server process [867511]
INFO:     Stopping reloader process [867460]
2026-02-10 17:56:09.571 | INFO     | __main__:<module>:44 - Uvicorn stopped
2026-02-10 17:56:10.793 | INFO     | __main__:<module>:35 - Starting debug uvicorn
INFO:     Will watch for changes in these directories: ['/personal/wvpn-project/vpn']
INFO:     Uvicorn running on http://0.0.0.0:9001 (Press CTRL+C to quit)
INFO:     Started reloader process [868456] using StatReload
INFO:     Started server process [868502]
INFO:     Waiting for application startup.
INFO:     Application startup complete.
INFO:     Shutting down
INFO:     Waiting for application shutdown.
INFO:     Application shutdown complete.
INFO:     Finished server process [868502]
INFO:     Stopping reloader process [868456]
2026-02-10 19:20:36.804 | INFO     | __main__:<module>:44 - Uvicorn stopped
2026-02-10 19:20:42.090 | INFO     | __main__:<module>:35 - Starting debug uvicorn
INFO:     Will watch for changes in these directories: ['/personal/wvpn-project/vpn']
INFO:     Uvicorn running on http://0.0.0.0:9001 (Press CTRL+C to quit)
INFO:     Started reloader process [892083] using StatReload
INFO:     Started server process [892115]
INFO:     Waiting for application startup.
INFO:     Application startup complete.
INFO:     Shutting down
INFO:     Waiting for application shutdown.
INFO:     Application shutdown complete.
INFO:     Finished server process [892115]
INFO:     Stopping reloader process [892083]
2026-02-10 19:39:22.059 | INFO     | __main__:<module>:44 - Uvicorn stopped
2026-02-10 19:39:45.587 | INFO     | __main__:<module>:35 - Starting debug uvicorn
INFO:     Will watch for changes in these directories: ['/personal/wvpn-project/vpn']
INFO:     Uvicorn running on http://0.0.0.0:9001 (Press CTRL+C to quit)
INFO:     Started reloader process [1383] using StatReload
INFO:     Started server process [1500]
INFO:     Waiting for application startup.
INFO:     Application startup complete.
INFO:     Shutting down
INFO:     Waiting for application shutdown.
INFO:     Application shutdown complete.
INFO:     Finished server process [1500]
INFO:     Stopping reloader process [1383]
2026-02-10 19:42:03.345 | INFO     | __main__:<module>:44 - Uvicorn stopped
2026-02-10 19:42:04.979 | INFO     | __main__:<module>:35 - Starting debug uvicorn
INFO:     Will watch for changes in these directories: ['/personal/wvpn-project/vpn']
INFO:     Uvicorn running on http://0.0.0.0:9001 (Press CTRL+C to quit)
INFO:     Started reloader process [2845] using StatReload
INFO:     Started server process [2916]
INFO:     Waiting for application startup.
INFO:     Application startup complete.
INFO:     Shutting down
INFO:     Waiting for application shutdown.
INFO:     Application shutdown complete.
INFO:     Finished server process [2916]
INFO:     Stopping reloader process [2845]
2026-02-11 02:09:06.077 | INFO     | __main__:<module>:44 - Uvicorn stopped
2026-02-11 02:09:07.288 | INFO     | __main__:<module>:35 - Starting debug uvicorn
INFO:     Will watch for changes in these directories: ['/personal/wvpn-project/vpn']
INFO:     Uvicorn running on http://0.0.0.0:9001 (Press CTRL+C to quit)
INFO:     Started reloader process [155668] using StatReload
INFO:     Started server process [155689]
INFO:     Waiting for application startup.
INFO:     Application startup complete.
WARNING:  Invalid HTTP request received.
WARNING:  Invalid HTTP request received.
WARNING:  Invalid HTTP request received.
WARNING:  Invalid HTTP request received.
WARNING:  Invalid HTTP request received.
WARNING:  Invalid HTTP request received.
WARNING:  Invalid HTTP request received.
WARNING:  Invalid HTTP request received.
WARNING:  Invalid HTTP request received.
WARNING:  Invalid HTTP request received.
WARNING:  Invalid HTTP request received.
WARNING:  Invalid HTTP request received.
WARNING:  Invalid HTTP request received.
WARNING:  Invalid HTTP request received.
WARNING:  Invalid HTTP request received.
WARNING:  Invalid HTTP request received.
WARNING:  Invalid HTTP request received.
WARNING:  Invalid HTTP request received.
WARNING:  Invalid HTTP request received.
WARNING:  Invalid HTTP request received.
INFO:     Shutting down
INFO:     Waiting for application shutdown.
INFO:     Application shutdown complete.
INFO:     Finished server process [155689]
INFO:     Stopping reloader process [155668]
2026-02-11 18:29:28.345 | INFO     | __main__:<module>:44 - Uvicorn stopped
2026-02-11 18:29:29.904 | INFO     | __main__:<module>:35 - Starting debug uvicorn
INFO:     Will watch for changes in these directories: ['/personal/wvpn-project/vpn']
INFO:     Uvicorn running on http://0.0.0.0:9001 (Press CTRL+C to quit)
INFO:     Started reloader process [439320] using StatReload
INFO:     Started server process [439355]
INFO:     Waiting for application startup.
INFO:     Application startup complete.
INFO:     Shutting down
INFO:     Waiting for application shutdown.
INFO:     Application shutdown complete.
INFO:     Finished server process [439355]
INFO:     Stopping reloader process [439320]
2026-02-11 18:33:43.432 | INFO     | __main__:<module>:44 - Uvicorn stopped
2026-02-11 18:33:44.562 | INFO     | __main__:<module>:35 - Starting debug uvicorn
INFO:     Will watch for changes in these directories: ['/personal/wvpn-project/vpn']
INFO:     Uvicorn running on http://0.0.0.0:9001 (Press CTRL+C to quit)
INFO:     Started reloader process [440652] using StatReload
INFO:     Started server process [440677]
INFO:     Waiting for application startup.
INFO:     Application startup complete.
INFO:     Shutting down
INFO:     Waiting for application shutdown.
INFO:     Application shutdown complete.
INFO:     Finished server process [440677]
INFO:     Stopping reloader process [440652]
2026-02-11 18:35:33.717 | INFO     | __main__:<module>:44 - Uvicorn stopped
2026-02-11 18:35:34.910 | INFO     | __main__:<module>:35 - Starting debug uvicorn
INFO:     Will watch for changes in these directories: ['/personal/wvpn-project/vpn']
INFO:     Uvicorn running on http://0.0.0.0:9001 (Press CTRL+C to quit)
INFO:     Started reloader process [441316] using StatReload
INFO:     Started server process [441365]
INFO:     Waiting for application startup.
INFO:     Application startup complete.
INFO:     Shutting down
INFO:     Waiting for application shutdown.
INFO:     Application shutdown complete.
INFO:     Finished server process [441365]
INFO:     Stopping reloader process [441316]
2026-02-11 18:43:36.585 | INFO     | __main__:<module>:44 - Uvicorn stopped
2026-02-11 18:43:37.660 | INFO     | __main__:<module>:35 - Starting debug uvicorn
INFO:     Will watch for changes in these directories: ['/personal/wvpn-project/vpn']
INFO:     Uvicorn running on http://0.0.0.0:9001 (Press CTRL+C to quit)
INFO:     Started reloader process [444575] using StatReload
INFO:     Started server process [444605]
INFO:     Waiting for application startup.
INFO:     Application startup complete.
INFO:     Shutting down
INFO:     Waiting for application shutdown.
INFO:     Application shutdown complete.
INFO:     Finished server process [444605]
INFO:     Stopping reloader process [444575]
2026-02-11 18:44:37.597 | INFO     | __main__:<module>:44 - Uvicorn stopped
2026-02-11 18:44:38.489 | INFO     | __main__:<module>:35 - Starting debug uvicorn
INFO:     Will watch for changes in these directories: ['/personal/wvpn-project/vpn']
INFO:     Uvicorn running on http://0.0.0.0:9001 (Press CTRL+C to quit)
INFO:     Started reloader process [445031] using StatReload
INFO:     Started server process [445059]
INFO:     Waiting for application startup.
INFO:     Application startup complete.
INFO:     Shutting down
INFO:     Waiting for application shutdown.
INFO:     Application shutdown complete.
INFO:     Finished server process [445059]
INFO:     Stopping reloader process [445031]
2026-02-11 19:11:22.818 | INFO     | __main__:<module>:44 - Uvicorn stopped
2026-02-11 19:11:23.945 | INFO     | __main__:<module>:35 - Starting debug uvicorn
INFO:     Will watch for changes in these directories: ['/personal/wvpn-project/vpn']
INFO:     Uvicorn running on http://0.0.0.0:9001 (Press CTRL+C to quit)
INFO:     Started reloader process [454581] using StatReload
INFO:     Started server process [454609]
INFO:     Waiting for application startup.
INFO:     Application startup complete.
INFO:     Shutting down
INFO:     Waiting for application shutdown.
INFO:     Application shutdown complete.
INFO:     Finished server process [454609]
INFO:     Stopping reloader process [454581]
2026-02-11 19:12:55.739 | INFO     | __main__:<module>:44 - Uvicorn stopped
2026-02-11 19:12:56.848 | INFO     | __main__:<module>:35 - Starting debug uvicorn
INFO:     Will watch for changes in these directories: ['/personal/wvpn-project/vpn']
INFO:     Uvicorn running on http://0.0.0.0:9001 (Press CTRL+C to quit)
INFO:     Started reloader process [455142] using StatReload
INFO:     Started server process [455167]
INFO:     Waiting for application startup.
INFO:     Application startup complete.
INFO:     Shutting down
INFO:     Waiting for application shutdown.
INFO:     Application shutdown complete.
INFO:     Finished server process [455167]
INFO:     Stopping reloader process [455142]
2026-02-11 19:15:08.783 | INFO     | __main__:<module>:44 - Uvicorn stopped
2026-02-11 19:15:09.892 | INFO     | __main__:<module>:35 - Starting debug uvicorn
INFO:     Will watch for changes in these directories: ['/personal/wvpn-project/vpn']
INFO:     Uvicorn running on http://0.0.0.0:9001 (Press CTRL+C to quit)
INFO:     Started reloader process [455952] using StatReload
INFO:     Started server process [455984]
INFO:     Waiting for application startup.
INFO:     Application startup complete.
WARNING:  Invalid HTTP request received.
WARNING:  Invalid HTTP request received.
WARNING:  Invalid HTTP request received.
WARNING:  Invalid HTTP request received.
WARNING:  Invalid HTTP request received.
WARNING:  Invalid HTTP request received.
WARNING:  Invalid HTTP request received.
WARNING:  Invalid HTTP request received.
WARNING:  Invalid HTTP request received.
WARNING:  Invalid HTTP request received.
WARNING:  Invalid HTTP request received.
WARNING:  Invalid HTTP request received.
WARNING:  Invalid HTTP request received.
WARNING:  Invalid HTTP request received.
INFO:     Shutting down
INFO:     Waiting for application shutdown.
INFO:     Application shutdown complete.
INFO:     Finished server process [455984]
INFO:     Stopping reloader process [455952]
2026-02-12 11:16:08.700 | INFO     | __main__:<module>:44 - Uvicorn stopped
2026-02-12 11:16:10.857 | INFO     | __main__:<module>:35 - Starting debug uvicorn
INFO:     Will watch for changes in these directories: ['/personal/wvpn-project/vpn']
INFO:     Uvicorn running on http://0.0.0.0:9001 (Press CTRL+C to quit)
INFO:     Started reloader process [723677] using StatReload
INFO:     Started server process [723727]
INFO:     Waiting for application startup.
INFO:     Application startup complete.
INFO:     Shutting down
INFO:     Waiting for application shutdown.
INFO:     Application shutdown complete.
INFO:     Finished server process [723727]
INFO:     Stopping reloader process [723677]
2026-02-12 15:07:56.522 | INFO     | __main__:<module>:44 - Uvicorn stopped
2026-02-12 15:07:58.051 | INFO     | __main__:<module>:35 - Starting debug uvicorn
INFO:     Will watch for changes in these directories: ['/personal/wvpn-project/vpn']
INFO:     Uvicorn running on http://0.0.0.0:9001 (Press CTRL+C to quit)
INFO:     Started reloader process [792062] using StatReload
INFO:     Started server process [792097]
INFO:     Waiting for application startup.
INFO:     Application startup complete.
WARNING:  Invalid HTTP request received.
WARNING:  Invalid HTTP request received.
WARNING:  Invalid HTTP request received.
WARNING:  Invalid HTTP request received.
WARNING:  Invalid HTTP request received.
WARNING:  Invalid HTTP request received.
WARNING:  Invalid HTTP request received.
WARNING:  Invalid HTTP request received.
WARNING:  Invalid HTTP request received.
WARNING:  Invalid HTTP request received.
WARNING:  Invalid HTTP request received.
WARNING:  Invalid HTTP request received.
WARNING:  Invalid HTTP request received.
WARNING:  Invalid HTTP request received.
WARNING:  Invalid HTTP request received.
WARNING:  Invalid HTTP request received.
WARNING:  Invalid HTTP request received.
INFO:     Shutting down
INFO:     Waiting for application shutdown.
INFO:     Application shutdown complete.
INFO:     Finished server process [792097]
INFO:     Stopping reloader process [792062]
2026-02-13 05:45:59.228 | INFO     | __main__:<module>:44 - Uvicorn stopped
2026-02-13 05:46:01.193 | INFO     | __main__:<module>:35 - Starting debug uvicorn
INFO:     Will watch for changes in these directories: ['/personal/wvpn-project/vpn']
INFO:     Uvicorn running on http://0.0.0.0:9001 (Press CTRL+C to quit)
INFO:     Started reloader process [996656] using StatReload
INFO:     Started server process [996734]
INFO:     Waiting for application startup.
INFO:     Application startup complete.
WARNING:  Invalid HTTP request received.
WARNING:  Invalid HTTP request received.
WARNING:  Invalid HTTP request received.
WARNING:  Invalid HTTP request received.
WARNING:  Invalid HTTP request received.
WARNING:  Invalid HTTP request received.
WARNING:  Invalid HTTP request received.
WARNING:  Invalid HTTP request received.
WARNING:  Invalid HTTP request received.
WARNING:  Invalid HTTP request received.
WARNING:  Invalid HTTP request received.
WARNING:  Invalid HTTP request received.
WARNING:  Invalid HTTP request received.
WARNING:  Invalid HTTP request received.
WARNING:  Invalid HTTP request received.
WARNING:  Invalid HTTP request received.
WARNING:  Invalid HTTP request received.
WARNING:  Invalid HTTP request received.
WARNING:  Invalid HTTP request received.
WARNING:  Invalid HTTP request received.
WARNING:  Invalid HTTP request received.
WARNING:  Invalid HTTP request received.
WARNING:  Invalid HTTP request received.
WARNING:  Invalid HTTP request received.
WARNING:  Invalid HTTP request received.
WARNING:  Invalid HTTP request received.
WARNING:  Invalid HTTP request received.
WARNING:  Invalid HTTP request received.
WARNING:  Invalid HTTP request received.
WARNING:  Invalid HTTP request received.
WARNING:  Invalid HTTP request received.
WARNING:  Invalid HTTP request received.
WARNING:  Invalid HTTP request received.
WARNING:  Invalid HTTP request received.
WARNING:  Invalid HTTP request received.
WARNING:  Invalid HTTP request received.
WARNING:  Invalid HTTP request received.
WARNING:  Invalid HTTP request received.
WARNING:  Invalid HTTP request received.
WARNING:  Invalid HTTP request received.
WARNING:  Invalid HTTP request received.
WARNING:  Invalid HTTP request received.
WARNING:  Invalid HTTP request received.
WARNING:  Invalid HTTP request received.
WARNING:  Invalid HTTP request received.
WARNING:  Invalid HTTP request received.
WARNING:  Invalid HTTP request received.
WARNING:  Invalid HTTP request received.
WARNING:  Invalid HTTP request received.
WARNING:  Invalid HTTP request received.
WARNING:  Invalid HTTP request received.
WARNING:  Invalid HTTP request received.
WARNING:  Invalid HTTP request received.
WARNING:  Invalid HTTP request received.
WARNING:  Invalid HTTP request received.
WARNING:  Invalid HTTP request received.
WARNING:  Invalid HTTP request received.
WARNING:  Invalid HTTP request received.
WARNING:  Invalid HTTP request received.
WARNING:  Invalid HTTP request received.
WARNING:  Invalid HTTP request received.
WARNING:  Invalid HTTP request received.
WARNING:  Invalid HTTP request received.
WARNING:  Invalid HTTP request received.
WARNING:  Invalid HTTP request received.
WARNING:  Invalid HTTP request received.
WARNING:  Invalid HTTP request received.
WARNING:  Invalid HTTP request received.
WARNING:  Invalid HTTP request received.
INFO:     Shutting down
INFO:     Waiting for application shutdown.
INFO:     Application shutdown complete.
INFO:     Finished server process [996734]
INFO:     Stopping reloader process [996656]
2026-02-17 09:11:12.183 | INFO     | __main__:<module>:44 - Uvicorn stopped
2026-02-17 09:11:18.959 | INFO     | __main__:<module>:35 - Starting debug uvicorn
INFO:     Will watch for changes in these directories: ['/personal/wvpn-project/vpn']
INFO:     Uvicorn running on http://0.0.0.0:9001 (Press CTRL+C to quit)
INFO:     Started reloader process [2696371] using StatReload
INFO:     Started server process [2696520]
INFO:     Waiting for application startup.
INFO:     Application startup complete.
WARNING:  Invalid HTTP request received.
WARNING:  Invalid HTTP request received.
WARNING:  Invalid HTTP request received.
WARNING:  Invalid HTTP request received.
WARNING:  Invalid HTTP request received.
WARNING:  Invalid HTTP request received.
WARNING:  Invalid HTTP request received.
WARNING:  Invalid HTTP request received.
WARNING:  Invalid HTTP request received.
WARNING:  Invalid HTTP request received.
WARNING:  Invalid HTTP request received.
WARNING:  Invalid HTTP request received.
INFO:     Shutting down
INFO:     Waiting for application shutdown.
INFO:     Application shutdown complete.
INFO:     Finished server process [2696520]
INFO:     Stopping reloader process [2696371]
2026-02-17 11:38:31.819 | INFO     | __main__:<module>:44 - Uvicorn stopped
2026-02-17 11:38:33.236 | INFO     | __main__:<module>:35 - Starting debug uvicorn
INFO:     Will watch for changes in these directories: ['/personal/wvpn-project/vpn']
INFO:     Uvicorn running on http://0.0.0.0:9001 (Press CTRL+C to quit)
INFO:     Started reloader process [2739185] using StatReload
INFO:     Started server process [2739228]
INFO:     Waiting for application startup.
INFO:     Application startup complete.
WARNING:  Invalid HTTP request received.
WARNING:  Invalid HTTP request received.
WARNING:  Invalid HTTP request received.
WARNING:  Invalid HTTP request received.
WARNING:  Invalid HTTP request received.
WARNING:  Invalid HTTP request received.
WARNING:  Invalid HTTP request received.
WARNING:  Invalid HTTP request received.
WARNING:  Invalid HTTP request received.
WARNING:  Invalid HTTP request received.
WARNING:  Invalid HTTP request received.
WARNING:  Invalid HTTP request received.
WARNING:  Invalid HTTP request received.
WARNING:  Invalid HTTP request received.
WARNING:  Invalid HTTP request received.
WARNING:  Invalid HTTP request received.
WARNING:  Invalid HTTP request received.
WARNING:  Invalid HTTP request received.
WARNING:  Invalid HTTP request received.
WARNING:  Invalid HTTP request received.
WARNING:  Invalid HTTP request received.
INFO:     Shutting down
INFO:     Waiting for application shutdown.
INFO:     Application shutdown complete.
INFO:     Finished server process [2739228]
INFO:     Stopping reloader process [2739185]
2026-02-18 13:00:16.986 | INFO     | __main__:<module>:44 - Uvicorn stopped
2026-02-18 13:00:23.110 | INFO     | __main__:<module>:35 - Starting debug uvicorn
INFO:     Will watch for changes in these directories: ['/personal/wvpn-project/vpn']
INFO:     Uvicorn running on http://0.0.0.0:9001 (Press CTRL+C to quit)
INFO:     Started reloader process [3155796] using StatReload
INFO:     Started server process [3155883]
INFO:     Waiting for application startup.
INFO:     Application startup complete.
WARNING:  Invalid HTTP request received.
WARNING:  Invalid HTTP request received.
INFO:     Shutting down
INFO:     Waiting for application shutdown.
INFO:     Application shutdown complete.
INFO:     Finished server process [3155883]
INFO:     Stopping reloader process [3155796]
2026-02-18 14:01:39.923 | INFO     | __main__:<module>:44 - Uvicorn stopped
2026-02-18 14:01:41.157 | INFO     | __main__:<module>:35 - Starting debug uvicorn
INFO:     Will watch for changes in these directories: ['/personal/wvpn-project/vpn']
INFO:     Uvicorn running on http://0.0.0.0:9001 (Press CTRL+C to quit)
INFO:     Started reloader process [3174234] using StatReload
INFO:     Started server process [3174267]
INFO:     Waiting for application startup.
INFO:     Application startup complete.
INFO:     Shutting down
INFO:     Waiting for application shutdown.
INFO:     Application shutdown complete.
INFO:     Finished server process [3174267]
INFO:     Stopping reloader process [3174234]
2026-02-18 21:55:08.253 | INFO     | __main__:<module>:44 - Uvicorn stopped
2026-02-18 21:55:10.304 | INFO     | __main__:<module>:35 - Starting debug uvicorn
INFO:     Will watch for changes in these directories: ['/personal/wvpn-project/vpn']
INFO:     Uvicorn running on http://0.0.0.0:9001 (Press CTRL+C to quit)
INFO:     Started reloader process [3308886] using StatReload
INFO:     Started server process [3308927]
INFO:     Waiting for application startup.
INFO:     Application startup complete.
INFO:     Shutting down
INFO:     Waiting for application shutdown.
INFO:     Application shutdown complete.
INFO:     Finished server process [3308927]
INFO:     Stopping reloader process [3308886]
2026-02-19 00:17:43.011 | INFO     | __main__:<module>:44 - Uvicorn stopped
2026-02-19 00:17:44.357 | INFO     | __main__:<module>:35 - Starting debug uvicorn
INFO:     Will watch for changes in these directories: ['/personal/wvpn-project/vpn']
INFO:     Uvicorn running on http://0.0.0.0:9001 (Press CTRL+C to quit)
INFO:     Started reloader process [3349252] using StatReload
INFO:     Started server process [3349274]
INFO:     Waiting for application startup.
INFO:     Application startup complete.
WARNING:  Invalid HTTP request received.
WARNING:  Invalid HTTP request received.
WARNING:  Invalid HTTP request received.
WARNING:  Invalid HTTP request received.
WARNING:  Invalid HTTP request received.
WARNING:  Invalid HTTP request received.
WARNING:  Invalid HTTP request received.
WARNING:  Invalid HTTP request received.
WARNING:  Invalid HTTP request received.
WARNING:  Invalid HTTP request received.
INFO:     Shutting down
INFO:     Waiting for application shutdown.
INFO:     Application shutdown complete.
INFO:     Finished server process [3349274]
INFO:     Stopping reloader process [3349252]
2026-02-19 13:00:17.002 | INFO     | __main__:<module>:44 - Uvicorn stopped
2026-02-19 13:00:18.435 | INFO     | __main__:<module>:35 - Starting debug uvicorn
INFO:     Will watch for changes in these directories: ['/personal/wvpn-project/vpn']
INFO:     Uvicorn running on http://0.0.0.0:9001 (Press CTRL+C to quit)
INFO:     Started reloader process [3569593] using StatReload
INFO:     Started server process [3569614]
INFO:     Waiting for application startup.
INFO:     Application startup complete.
WARNING:  Invalid HTTP request received.
WARNING:  Invalid HTTP request received.
WARNING:  Invalid HTTP request received.
WARNING:  Invalid HTTP request received.
INFO:     Shutting down
INFO:     Waiting for application shutdown.
INFO:     Application shutdown complete.
INFO:     Finished server process [3569614]
INFO:     Stopping reloader process [3569593]
2026-02-20 01:26:58.194 | INFO     | __main__:<module>:44 - Uvicorn stopped
2026-02-20 01:27:33.772 | INFO     | __main__:<module>:35 - Starting debug uvicorn
INFO:     Will watch for changes in these directories: ['/personal/wvpn-project/vpn']
INFO:     Uvicorn running on http://0.0.0.0:9001 (Press CTRL+C to quit)
INFO:     Started reloader process [1328] using StatReload
INFO:     Started server process [1501]
INFO:     Waiting for application startup.
INFO:     Application startup complete.
WARNING:  Invalid HTTP request received.
WARNING:  Invalid HTTP request received.
WARNING:  Invalid HTTP request received.
WARNING:  Invalid HTTP request received.
WARNING:  Invalid HTTP request received.
WARNING:  Invalid HTTP request received.
WARNING:  Invalid HTTP request received.
WARNING:  Invalid HTTP request received.
WARNING:  Invalid HTTP request received.
WARNING:  Invalid HTTP request received.
WARNING:  Invalid HTTP request received.
WARNING:  Invalid HTTP request received.
WARNING:  Invalid HTTP request received.
WARNING:  Invalid HTTP request received.
WARNING:  Invalid HTTP request received.
WARNING:  Invalid HTTP request received.
WARNING:  Invalid HTTP request received.
WARNING:  Invalid HTTP request received.
INFO:     Shutting down
INFO:     Waiting for application shutdown.
INFO:     Application shutdown complete.
INFO:     Finished server process [1501]
INFO:     Stopping reloader process [1328]
2026-02-21 01:28:32.388 | INFO     | __main__:<module>:44 - Uvicorn stopped
2026-02-21 01:28:35.137 | INFO     | __main__:<module>:35 - Starting debug uvicorn
INFO:     Will watch for changes in these directories: ['/personal/wvpn-project/vpn']
INFO:     Uvicorn running on http://0.0.0.0:9001 (Press CTRL+C to quit)
INFO:     Started reloader process [414386] using StatReload
INFO:     Started server process [414406]
INFO:     Waiting for application startup.
INFO:     Application startup complete.
WARNING:  Invalid HTTP request received.
INFO:     Shutting down
INFO:     Waiting for application shutdown.
INFO:     Application shutdown complete.
INFO:     Finished server process [414406]
INFO:     Stopping reloader process [414386]
2026-02-21 11:58:49.380 | INFO     | __main__:<module>:44 - Uvicorn stopped
2026-02-21 11:58:50.968 | INFO     | __main__:<module>:35 - Starting debug uvicorn
INFO:     Will watch for changes in these directories: ['/personal/wvpn-project/vpn']
INFO:     Uvicorn running on http://0.0.0.0:9001 (Press CTRL+C to quit)
INFO:     Started reloader process [595865] using StatReload
INFO:     Started server process [595889]
INFO:     Waiting for application startup.
INFO:     Application startup complete.
WARNING:  Invalid HTTP request received.
WARNING:  Invalid HTTP request received.
WARNING:  Invalid HTTP request received.
WARNING:  Invalid HTTP request received.
WARNING:  Invalid HTTP request received.
WARNING:  Invalid HTTP request received.
WARNING:  Invalid HTTP request received.
WARNING:  Invalid HTTP request received.
WARNING:  Invalid HTTP request received.
WARNING:  Invalid HTTP request received.
WARNING:  Invalid HTTP request received.
WARNING:  Invalid HTTP request received.
WARNING:  Invalid HTTP request received.
WARNING:  Invalid HTTP request received.
WARNING:  Invalid HTTP request received.
WARNING:  Invalid HTTP request received.
WARNING:  Invalid HTTP request received.
WARNING:  Invalid HTTP request received.
WARNING:  Invalid HTTP request received.
WARNING:  Invalid HTTP request received.
WARNING:  Invalid HTTP request received.
WARNING:  Invalid HTTP request received.
WARNING:  Invalid HTTP request received.
WARNING:  Invalid HTTP request received.
WARNING:  Invalid HTTP request received.
WARNING:  Invalid HTTP request received.
WARNING:  Invalid HTTP request received.
WARNING:  Invalid HTTP request received.
WARNING:  Invalid HTTP request received.
WARNING:  Invalid HTTP request received.
WARNING:  Invalid HTTP request received.
WARNING:  Invalid HTTP request received.
WARNING:  Invalid HTTP request received.
WARNING:  Invalid HTTP request received.
WARNING:  Invalid HTTP request received.
WARNING:  Invalid HTTP request received.
WARNING:  Invalid HTTP request received.
WARNING:  Invalid HTTP request received.
WARNING:  Invalid HTTP request received.
WARNING:  Invalid HTTP request received.
WARNING:  Invalid HTTP request received.
WARNING:  Invalid HTTP request received.
WARNING:  Invalid HTTP request received.
WARNING:  Invalid HTTP request received.
WARNING:  Invalid HTTP request received.
WARNING:  Invalid HTTP request received.
WARNING:  Invalid HTTP request received.
WARNING:  Invalid HTTP request received.
WARNING:  Invalid HTTP request received.
WARNING:  Invalid HTTP request received.
WARNING:  Invalid HTTP request received.
WARNING:  Invalid HTTP request received.
WARNING:  Invalid HTTP request received.
WARNING:  Invalid HTTP request received.
WARNING:  Invalid HTTP request received.
WARNING:  Invalid HTTP request received.
WARNING:  Invalid HTTP request received.
WARNING:  Invalid HTTP request received.
WARNING:  Invalid HTTP request received.
WARNING:  Invalid HTTP request received.
WARNING:  Invalid HTTP request received.
WARNING:  Invalid HTTP request received.
WARNING:  Invalid HTTP request received.
WARNING:  Invalid HTTP request received.
WARNING:  Invalid HTTP request received.
WARNING:  Invalid HTTP request received.
WARNING:  Invalid HTTP request received.
WARNING:  Invalid HTTP request received.
WARNING:  Invalid HTTP request received.
WARNING:  Invalid HTTP request received.
WARNING:  Invalid HTTP request received.
WARNING:  Invalid HTTP request received.
WARNING:  Invalid HTTP request received.
WARNING:  Invalid HTTP request received.
WARNING:  Invalid HTTP request received.
WARNING:  Invalid HTTP request received.
WARNING:  Invalid HTTP request received.
WARNING:  Invalid HTTP request received.
WARNING:  Invalid HTTP request received.
WARNING:  Invalid HTTP request received.
INFO:     Shutting down
INFO:     Waiting for application shutdown.
INFO:     Application shutdown complete.
INFO:     Finished server process [595889]
INFO:     Stopping reloader process [595865]
2026-02-22 20:29:19.125 | INFO     | __main__:<module>:44 - Uvicorn stopped
2026-02-22 20:29:21.963 | INFO     | __main__:<module>:35 - Starting debug uvicorn
INFO:     Will watch for changes in these directories: ['/personal/wvpn-project/vpn']
INFO:     Uvicorn running on http://0.0.0.0:9001 (Press CTRL+C to quit)
INFO:     Started reloader process [1154607] using StatReload
INFO:     Started server process [1154630]
INFO:     Waiting for application startup.
INFO:     Application startup complete.
WARNING:  Invalid HTTP request received.
WARNING:  Invalid HTTP request received.
WARNING:  Invalid HTTP request received.
WARNING:  Invalid HTTP request received.
WARNING:  Invalid HTTP request received.
INFO:     Shutting down
INFO:     Waiting for application shutdown.
INFO:     Application shutdown complete.
INFO:     Finished server process [1154630]
INFO:     Stopping reloader process [1154607]
2026-02-23 14:18:38.505 | INFO     | __main__:<module>:44 - Uvicorn stopped
2026-02-23 14:18:42.218 | INFO     | __main__:<module>:35 - Starting debug uvicorn
INFO:     Will watch for changes in these directories: ['/personal/wvpn-project/vpn']
INFO:     Uvicorn running on http://0.0.0.0:9001 (Press CTRL+C to quit)
INFO:     Started reloader process [1438825] using StatReload
INFO:     Started server process [1438889]
INFO:     Waiting for application startup.
INFO:     Application startup complete.
WARNING:  Invalid HTTP request received.
WARNING:  Invalid HTTP request received.
WARNING:  Invalid HTTP request received.
WARNING:  Invalid HTTP request received.
WARNING:  Invalid HTTP request received.
WARNING:  Invalid HTTP request received.
WARNING:  Invalid HTTP request received.
WARNING:  Invalid HTTP request received.
WARNING:  Invalid HTTP request received.
WARNING:  Invalid HTTP request received.
INFO:     Shutting down
INFO:     Waiting for application shutdown.
INFO:     Application shutdown complete.
INFO:     Finished server process [1438889]
INFO:     Stopping reloader process [1438825]
2026-02-24 01:50:53.977 | INFO     | __main__:<module>:44 - Uvicorn stopped
2026-02-24 01:50:54.898 | INFO     | __main__:<module>:35 - Starting debug uvicorn
INFO:     Will watch for changes in these directories: ['/personal/wvpn-project/vpn']
INFO:     Uvicorn running on http://0.0.0.0:9001 (Press CTRL+C to quit)
INFO:     Started reloader process [1638695] using StatReload
INFO:     Started server process [1638710]
INFO:     Waiting for application startup.
INFO:     Application startup complete.
WARNING:  Invalid HTTP request received.
WARNING:  Invalid HTTP request received.
WARNING:  Invalid HTTP request received.
WARNING:  Invalid HTTP request received.
WARNING:  Invalid HTTP request received.
WARNING:  Invalid HTTP request received.
WARNING:  Invalid HTTP request received.
WARNING:  Invalid HTTP request received.
WARNING:  Invalid HTTP request received.
WARNING:  Invalid HTTP request received.
WARNING:  Invalid HTTP request received.
WARNING:  Invalid HTTP request received.
WARNING:  Invalid HTTP request received.
WARNING:  Invalid HTTP request received.
WARNING:  Invalid HTTP request received.
WARNING:  Invalid HTTP request received.
WARNING:  Invalid HTTP request received.
WARNING:  Invalid HTTP request received.
WARNING:  Invalid HTTP request received.
WARNING:  Invalid HTTP request received.
WARNING:  Invalid HTTP request received.
WARNING:  Invalid HTTP request received.
WARNING:  Invalid HTTP request received.
WARNING:  Invalid HTTP request received.
WARNING:  Invalid HTTP request received.
WARNING:  Invalid HTTP request received.
WARNING:  Invalid HTTP request received.
WARNING:  Invalid HTTP request received.
WARNING:  Invalid HTTP request received.
WARNING:  Invalid HTTP request received.
WARNING:  Invalid HTTP request received.
WARNING:  Invalid HTTP request received.
WARNING:  Invalid HTTP request received.
WARNING:  Invalid HTTP request received.
WARNING:  Invalid HTTP request received.
WARNING:  Invalid HTTP request received.
WARNING:  Invalid HTTP request received.
WARNING:  Invalid HTTP request received.
WARNING:  Invalid HTTP request received.
WARNING:  Invalid HTTP request received.
WARNING:  Invalid HTTP request received.
WARNING:  Invalid HTTP request received.
WARNING:  Invalid HTTP request received.
WARNING:  Invalid HTTP request received.
WARNING:  Invalid HTTP request received.
WARNING:  Invalid HTTP request received.
WARNING:  Invalid HTTP request received.
WARNING:  Invalid HTTP request received.
WARNING:  Invalid HTTP request received.
WARNING:  Invalid HTTP request received.
WARNING:  Invalid HTTP request received.
WARNING:  Invalid HTTP request received.
WARNING:  Invalid HTTP request received.
WARNING:  Invalid HTTP request received.
WARNING:  Invalid HTTP request received.
WARNING:  Invalid HTTP request received.
WARNING:  Invalid HTTP request received.
WARNING:  Invalid HTTP request received.
WARNING:  Invalid HTTP request received.
WARNING:  Invalid HTTP request received.
WARNING:  Invalid HTTP request received.
WARNING:  Invalid HTTP request received.
WARNING:  Invalid HTTP request received.
WARNING:  Invalid HTTP request received.
WARNING:  Invalid HTTP request received.
WARNING:  Invalid HTTP request received.
INFO:     Shutting down
INFO:     Waiting for application shutdown.
INFO:     Application shutdown complete.
INFO:     Finished server process [1638710]
INFO:     Stopping reloader process [1638695]
2026-02-24 19:31:24.913 | INFO     | __main__:<module>:44 - Uvicorn stopped
2026-02-24 19:31:26.243 | INFO     | __main__:<module>:35 - Starting debug uvicorn
INFO:     Will watch for changes in these directories: ['/personal/wvpn-project/vpn']
INFO:     Uvicorn running on http://0.0.0.0:9001 (Press CTRL+C to quit)
INFO:     Started reloader process [1941619] using StatReload
INFO:     Started server process [1941656]
INFO:     Waiting for application startup.
INFO:     Application startup complete.
WARNING:  Invalid HTTP request received.
WARNING:  Invalid HTTP request received.
WARNING:  Invalid HTTP request received.
WARNING:  Invalid HTTP request received.
WARNING:  Invalid HTTP request received.
WARNING:  Invalid HTTP request received.
WARNING:  Invalid HTTP request received.
WARNING:  Invalid HTTP request received.
WARNING:  Invalid HTTP request received.
WARNING:  Invalid HTTP request received.
WARNING:  Invalid HTTP request received.
WARNING:  Invalid HTTP request received.
WARNING:  Invalid HTTP request received.
WARNING:  Invalid HTTP request received.
WARNING:  Invalid HTTP request received.
WARNING:  Invalid HTTP request received.
WARNING:  Invalid HTTP request received.
WARNING:  Invalid HTTP request received.
WARNING:  Invalid HTTP request received.
WARNING:  Invalid HTTP request received.
WARNING:  Invalid HTTP request received.
WARNING:  Invalid HTTP request received.
INFO:     Shutting down
INFO:     Waiting for application shutdown.
INFO:     Application shutdown complete.
INFO:     Finished server process [1941656]
INFO:     Stopping reloader process [1941619]
2026-02-25 20:04:20.875 | INFO     | __main__:<module>:44 - Uvicorn stopped
2026-02-25 20:04:23.868 | INFO     | __main__:<module>:35 - Starting debug uvicorn
INFO:     Will watch for changes in these directories: ['/personal/wvpn-project/vpn']
INFO:     Uvicorn running on http://0.0.0.0:9001 (Press CTRL+C to quit)
INFO:     Started reloader process [2366312] using StatReload
INFO:     Started server process [2366352]
INFO:     Waiting for application startup.
INFO:     Application startup complete.
WARNING:  Invalid HTTP request received.
WARNING:  Invalid HTTP request received.
WARNING:  Invalid HTTP request received.
WARNING:  Invalid HTTP request received.
WARNING:  Invalid HTTP request received.
WARNING:  Invalid HTTP request received.
WARNING:  Invalid HTTP request received.
WARNING:  Invalid HTTP request received.
WARNING:  Invalid HTTP request received.
WARNING:  Invalid HTTP request received.
WARNING:  Invalid HTTP request received.
WARNING:  Invalid HTTP request received.
WARNING:  Invalid HTTP request received.
WARNING:  Invalid HTTP request received.
WARNING:  Invalid HTTP request received.
WARNING:  Invalid HTTP request received.
WARNING:  Invalid HTTP request received.
WARNING:  Invalid HTTP request received.
WARNING:  Invalid HTTP request received.
WARNING:  Invalid HTTP request received.
WARNING:  Invalid HTTP request received.
WARNING:  Invalid HTTP request received.
INFO:     Shutting down
INFO:     Waiting for application shutdown.
INFO:     Application shutdown complete.
INFO:     Finished server process [2366352]
INFO:     Stopping reloader process [2366312]
2026-02-27 09:52:40.509 | INFO     | __main__:<module>:44 - Uvicorn stopped
2026-02-27 09:52:47.401 | INFO     | __main__:<module>:35 - Starting debug uvicorn
INFO:     Will watch for changes in these directories: ['/personal/wvpn-project/vpn']
INFO:     Uvicorn running on http://0.0.0.0:9001 (Press CTRL+C to quit)
INFO:     Started reloader process [2997343] using StatReload
INFO:     Started server process [2997493]
INFO:     Waiting for application startup.
INFO:     Application startup complete.
WARNING:  Invalid HTTP request received.
WARNING:  Invalid HTTP request received.
WARNING:  Invalid HTTP request received.
WARNING:  Invalid HTTP request received.
WARNING:  Invalid HTTP request received.
WARNING:  Invalid HTTP request received.
WARNING:  Invalid HTTP request received.
WARNING:  Invalid HTTP request received.
WARNING:  Invalid HTTP request received.
WARNING:  Invalid HTTP request received.
WARNING:  Invalid HTTP request received.
WARNING:  Invalid HTTP request received.
WARNING:  Invalid HTTP request received.
WARNING:  Invalid HTTP request received.
WARNING:  Invalid HTTP request received.
WARNING:  Invalid HTTP request received.
WARNING:  Invalid HTTP request received.
WARNING:  Invalid HTTP request received.
WARNING:  Invalid HTTP request received.
WARNING:  Invalid HTTP request received.
WARNING:  Invalid HTTP request received.
WARNING:  Invalid HTTP request received.
WARNING:  Invalid HTTP request received.
WARNING:  Invalid HTTP request received.
WARNING:  Invalid HTTP request received.
WARNING:  Invalid HTTP request received.
WARNING:  Invalid HTTP request received.
WARNING:  Invalid HTTP request received.
WARNING:  Invalid HTTP request received.
WARNING:  Invalid HTTP request received.
WARNING:  Invalid HTTP request received.
WARNING:  Invalid HTTP request received.
WARNING:  Invalid HTTP request received.
WARNING:  Invalid HTTP request received.
WARNING:  Invalid HTTP request received.
WARNING:  Invalid HTTP request received.
WARNING:  Invalid HTTP request received.
WARNING:  Invalid HTTP request received.
WARNING:  Invalid HTTP request received.
WARNING:  Invalid HTTP request received.
WARNING:  Invalid HTTP request received.
WARNING:  Invalid HTTP request received.
WARNING:  Invalid HTTP request received.
WARNING:  Invalid HTTP request received.
WARNING:  Invalid HTTP request received.
WARNING:  Invalid HTTP request received.
WARNING:  Invalid HTTP request received.
WARNING:  Invalid HTTP request received.
WARNING:  Invalid HTTP request received.
WARNING:  Invalid HTTP request received.
WARNING:  Invalid HTTP request received.
WARNING:  Invalid HTTP request received.
WARNING:  Invalid HTTP request received.
WARNING:  Invalid HTTP request received.
WARNING:  Invalid HTTP request received.
WARNING:  Invalid HTTP request received.
WARNING:  Invalid HTTP request received.
WARNING:  Invalid HTTP request received.
WARNING:  Invalid HTTP request received.
WARNING:  Invalid HTTP request received.
WARNING:  Invalid HTTP request received.
WARNING:  Invalid HTTP request received.
WARNING:  Invalid HTTP request received.
WARNING:  Invalid HTTP request received.
WARNING:  Invalid HTTP request received.
WARNING:  Invalid HTTP request received.
WARNING:  Invalid HTTP request received.
WARNING:  Invalid HTTP request received.
WARNING:  Invalid HTTP request received.
WARNING:  Invalid HTTP request received.
WARNING:  Invalid HTTP request received.
WARNING:  Invalid HTTP request received.
WARNING:  Invalid HTTP request received.
WARNING:  Invalid HTTP request received.
WARNING:  Invalid HTTP request received.
WARNING:  Invalid HTTP request received.
WARNING:  Invalid HTTP request received.
WARNING:  Invalid HTTP request received.
WARNING:  Invalid HTTP request received.
WARNING:  Invalid HTTP request received.
WARNING:  Invalid HTTP request received.
WARNING:  Invalid HTTP request received.
WARNING:  Invalid HTTP request received.
WARNING:  Invalid HTTP request received.
WARNING:  Invalid HTTP request received.
WARNING:  Invalid HTTP request received.
WARNING:  Invalid HTTP request received.
WARNING:  Invalid HTTP request received.
WARNING:  Invalid HTTP request received.
WARNING:  Invalid HTTP request received.
WARNING:  Invalid HTTP request received.
WARNING:  Invalid HTTP request received.
WARNING:  Invalid HTTP request received.
WARNING:  Invalid HTTP request received.
WARNING:  Invalid HTTP request received.
WARNING:  Invalid HTTP request received.
WARNING:  Invalid HTTP request received.
WARNING:  Invalid HTTP request received.
WARNING:  Invalid HTTP request received.
WARNING:  Invalid HTTP request received.
WARNING:  Invalid HTTP request received.
WARNING:  Invalid HTTP request received.
WARNING:  Invalid HTTP request received.
WARNING:  Invalid HTTP request received.
WARNING:  Invalid HTTP request received.
WARNING:  Invalid HTTP request received.
WARNING:  Invalid HTTP request received.
WARNING:  Invalid HTTP request received.
WARNING:  Invalid HTTP request received.
WARNING:  Invalid HTTP request received.
WARNING:  Invalid HTTP request received.
WARNING:  Invalid HTTP request received.
WARNING:  Invalid HTTP request received.
WARNING:  Invalid HTTP request received.
WARNING:  Invalid HTTP request received.
WARNING:  Invalid HTTP request received.
WARNING:  Invalid HTTP request received.
WARNING:  Invalid HTTP request received.
WARNING:  Invalid HTTP request received.
WARNING:  Invalid HTTP request received.
WARNING:  Invalid HTTP request received.
WARNING:  Invalid HTTP request received.
WARNING:  Invalid HTTP request received.
WARNING:  Invalid HTTP request received.
WARNING:  Invalid HTTP request received.
WARNING:  Invalid HTTP request received.
WARNING:  Invalid HTTP request received.
WARNING:  Invalid HTTP request received.
WARNING:  Invalid HTTP request received.
WARNING:  Invalid HTTP request received.
INFO:     Shutting down
INFO:     Waiting for application shutdown.
INFO:     Application shutdown complete.
INFO:     Finished server process [2997493]
INFO:     Stopping reloader process [2997343]
2026-03-03 13:09:53.492 | INFO     | __main__:<module>:44 - Uvicorn stopped
2026-03-03 13:09:57.079 | INFO     | __main__:<module>:35 - Starting debug uvicorn
INFO:     Will watch for changes in these directories: ['/personal/wvpn-project/vpn']
INFO:     Uvicorn running on http://0.0.0.0:9001 (Press CTRL+C to quit)
INFO:     Started reloader process [471732] using StatReload
INFO:     Started server process [471766]
INFO:     Waiting for application startup.
INFO:     Application startup complete.
WARNING:  Invalid HTTP request received.
WARNING:  Invalid HTTP request received.
WARNING:  Invalid HTTP request received.
WARNING:  Invalid HTTP request received.
WARNING:  Invalid HTTP request received.
WARNING:  Invalid HTTP request received.
WARNING:  Invalid HTTP request received.
WARNING:  Invalid HTTP request received.
WARNING:  Invalid HTTP request received.
WARNING:  Invalid HTTP request received.
WARNING:  Invalid HTTP request received.
WARNING:  Invalid HTTP request received.
WARNING:  Invalid HTTP request received.
WARNING:  Invalid HTTP request received.
WARNING:  Invalid HTTP request received.
WARNING:  Invalid HTTP request received.
WARNING:  Invalid HTTP request received.
WARNING:  Invalid HTTP request received.
WARNING:  Invalid HTTP request received.
WARNING:  Invalid HTTP request received.
WARNING:  Invalid HTTP request received.
WARNING:  Invalid HTTP request received.
WARNING:  Invalid HTTP request received.
WARNING:  Invalid HTTP request received.
WARNING:  Invalid HTTP request received.
WARNING:  Invalid HTTP request received.
WARNING:  Invalid HTTP request received.
WARNING:  Invalid HTTP request received.
WARNING:  Invalid HTTP request received.
WARNING:  Invalid HTTP request received.
WARNING:  Invalid HTTP request received.
WARNING:  Invalid HTTP request received.
WARNING:  Invalid HTTP request received.
WARNING:  Invalid HTTP request received.
WARNING:  Invalid HTTP request received.
WARNING:  Invalid HTTP request received.
WARNING:  Invalid HTTP request received.
WARNING:  Invalid HTTP request received.
WARNING:  Invalid HTTP request received.
WARNING:  Invalid HTTP request received.
WARNING:  Invalid HTTP request received.
WARNING:  Invalid HTTP request received.
WARNING:  Invalid HTTP request received.
INFO:     Shutting down
INFO:     Waiting for application shutdown.
INFO:     Application shutdown complete.
INFO:     Finished server process [471766]
INFO:     Stopping reloader process [471732]
2026-03-06 11:47:00.823 | INFO     | __main__:<module>:44 - Uvicorn stopped
2026-03-06 11:47:04.551 | INFO     | __main__:<module>:35 - Starting debug uvicorn
INFO:     Will watch for changes in these directories: ['/personal/wvpn-project/vpn']
INFO:     Uvicorn running on http://0.0.0.0:9001 (Press CTRL+C to quit)
INFO:     Started reloader process [1658267] using StatReload
INFO:     Started server process [1658332]
INFO:     Waiting for application startup.
INFO:     Application startup complete.
WARNING:  Invalid HTTP request received.
WARNING:  Invalid HTTP request received.
WARNING:  Invalid HTTP request received.
WARNING:  Invalid HTTP request received.
WARNING:  Invalid HTTP request received.
WARNING:  Invalid HTTP request received.
WARNING:  Invalid HTTP request received.
WARNING:  Invalid HTTP request received.
WARNING:  Invalid HTTP request received.
WARNING:  Invalid HTTP request received.
WARNING:  Invalid HTTP request received.
WARNING:  Invalid HTTP request received.
WARNING:  Invalid HTTP request received.
WARNING:  Invalid HTTP request received.
WARNING:  Invalid HTTP request received.
WARNING:  Invalid HTTP request received.
WARNING:  Invalid HTTP request received.
WARNING:  Invalid HTTP request received.
WARNING:  Invalid HTTP request received.
WARNING:  Invalid HTTP request received.
WARNING:  Invalid HTTP request received.
WARNING:  Invalid HTTP request received.
WARNING:  Invalid HTTP request received.
WARNING:  Invalid HTTP request received.
WARNING:  Invalid HTTP request received.
WARNING:  Invalid HTTP request received.
WARNING:  Invalid HTTP request received.
WARNING:  Invalid HTTP request received.
WARNING:  Invalid HTTP request received.
WARNING:  Invalid HTTP request received.
WARNING:  Invalid HTTP request received.
WARNING:  Invalid HTTP request received.
WARNING:  Invalid HTTP request received.
WARNING:  Invalid HTTP request received.
WARNING:  Invalid HTTP request received.
WARNING:  Invalid HTTP request received.
WARNING:  Invalid HTTP request received.
WARNING:  Invalid HTTP request received.
WARNING:  Invalid HTTP request received.
WARNING:  Invalid HTTP request received.
WARNING:  Invalid HTTP request received.
WARNING:  Invalid HTTP request received.
WARNING:  Invalid HTTP request received.
WARNING:  Invalid HTTP request received.
WARNING:  Invalid HTTP request received.
WARNING:  Invalid HTTP request received.
2026-03-09 12:26:03.496 | INFO     | __main__:<module>:35 - Starting debug uvicorn
INFO:     Will watch for changes in these directories: ['/personal/wvpn-project/vpn']
INFO:     Uvicorn running on http://0.0.0.0:9001 (Press CTRL+C to quit)
INFO:     Started reloader process [997] using StatReload
INFO:     Started server process [1468]
INFO:     Waiting for application startup.
INFO:     Application startup complete.
INFO:     Shutting down
INFO:     Waiting for application shutdown.
INFO:     Application shutdown complete.
INFO:     Finished server process [1468]
INFO:     Stopping reloader process [997]
2026-03-09 12:29:28.485 | INFO     | __main__:<module>:44 - Uvicorn stopped
2026-03-09 12:29:29.783 | INFO     | __main__:<module>:35 - Starting debug uvicorn
INFO:     Will watch for changes in these directories: ['/personal/wvpn-project/vpn']
INFO:     Uvicorn running on http://0.0.0.0:9001 (Press CTRL+C to quit)
INFO:     Started reloader process [2487] using StatReload
INFO:     Started server process [2504]
INFO:     Waiting for application startup.
INFO:     Application startup complete.
WARNING:  Invalid HTTP request received.
WARNING:  Invalid HTTP request received.
WARNING:  Invalid HTTP request received.
WARNING:  Invalid HTTP request received.
WARNING:  Invalid HTTP request received.
WARNING:  Invalid HTTP request received.
WARNING:  Invalid HTTP request received.
WARNING:  Invalid HTTP request received.
WARNING:  Invalid HTTP request received.
WARNING:  Invalid HTTP request received.
INFO:     Shutting down
INFO:     Waiting for application shutdown.
INFO:     Application shutdown complete.
INFO:     Finished server process [2504]
INFO:     Stopping reloader process [2487]
2026-03-10 09:19:00.058 | INFO     | __main__:<module>:44 - Uvicorn stopped
2026-03-10 09:19:05.021 | INFO     | __main__:<module>:35 - Starting debug uvicorn
INFO:     Will watch for changes in these directories: ['/personal/wvpn-project/vpn']
INFO:     Uvicorn running on http://0.0.0.0:9001 (Press CTRL+C to quit)
INFO:     Started reloader process [348927] using StatReload
INFO:     Started server process [349019]
INFO:     Waiting for application startup.
INFO:     Application startup complete.
WARNING:  Invalid HTTP request received.
WARNING:  Invalid HTTP request received.
WARNING:  Invalid HTTP request received.
WARNING:  Invalid HTTP request received.
WARNING:  Invalid HTTP request received.
WARNING:  Invalid HTTP request received.
WARNING:  Invalid HTTP request received.
WARNING:  Invalid HTTP request received.
WARNING:  Invalid HTTP request received.
WARNING:  Invalid HTTP request received.
WARNING:  Invalid HTTP request received.
WARNING:  Invalid HTTP request received.
WARNING:  Invalid HTTP request received.
WARNING:  Invalid HTTP request received.
WARNING:  Invalid HTTP request received.
WARNING:  Invalid HTTP request received.
WARNING:  Invalid HTTP request received.
WARNING:  Invalid HTTP request received.
WARNING:  Invalid HTTP request received.
WARNING:  Invalid HTTP request received.
WARNING:  Invalid HTTP request received.
WARNING:  Invalid HTTP request received.
WARNING:  Invalid HTTP request received.
WARNING:  Invalid HTTP request received.
WARNING:  Invalid HTTP request received.
WARNING:  Invalid HTTP request received.
WARNING:  Invalid HTTP request received.
WARNING:  Invalid HTTP request received.
WARNING:  Invalid HTTP request received.
WARNING:  Invalid HTTP request received.
WARNING:  Invalid HTTP request received.
WARNING:  Invalid HTTP request received.
WARNING:  Invalid HTTP request received.
WARNING:  Invalid HTTP request received.
WARNING:  Invalid HTTP request received.
WARNING:  Invalid HTTP request received.
INFO:     Shutting down
INFO:     Waiting for application shutdown.
INFO:     Application shutdown complete.
INFO:     Finished server process [349019]
INFO:     Stopping reloader process [348927]
2026-03-12 10:35:43.909 | INFO     | __main__:<module>:44 - Uvicorn stopped
2026-03-12 10:35:48.125 | INFO     | __main__:<module>:35 - Starting debug uvicorn
INFO:     Will watch for changes in these directories: ['/personal/wvpn-project/vpn']
INFO:     Uvicorn running on http://0.0.0.0:9001 (Press CTRL+C to quit)
INFO:     Started reloader process [1168293] using StatReload
INFO:     Started server process [1168348]
INFO:     Waiting for application startup.
INFO:     Application startup complete.
WARNING:  Invalid HTTP request received.
WARNING:  Invalid HTTP request received.
WARNING:  Invalid HTTP request received.
WARNING:  Invalid HTTP request received.
WARNING:  Invalid HTTP request received.
WARNING:  Invalid HTTP request received.
WARNING:  Invalid HTTP request received.
WARNING:  Invalid HTTP request received.
WARNING:  Invalid HTTP request received.
WARNING:  Invalid HTTP request received.
WARNING:  Invalid HTTP request received.
WARNING:  Invalid HTTP request received.
WARNING:  Invalid HTTP request received.
WARNING:  Invalid HTTP request received.
WARNING:  Invalid HTTP request received.
WARNING:  Invalid HTTP request received.
WARNING:  Invalid HTTP request received.
WARNING:  Invalid HTTP request received.
WARNING:  Invalid HTTP request received.
WARNING:  Invalid HTTP request received.
WARNING:  Invalid HTTP request received.
WARNING:  Invalid HTTP request received.
WARNING:  Invalid HTTP request received.
WARNING:  Invalid HTTP request received.
WARNING:  Invalid HTTP request received.
WARNING:  Invalid HTTP request received.
WARNING:  Invalid HTTP request received.
WARNING:  Invalid HTTP request received.
WARNING:  Invalid HTTP request received.
WARNING:  Invalid HTTP request received.
WARNING:  Invalid HTTP request received.
WARNING:  Invalid HTTP request received.
WARNING:  Invalid HTTP request received.
WARNING:  Invalid HTTP request received.
WARNING:  Invalid HTTP request received.
WARNING:  Invalid HTTP request received.
WARNING:  Invalid HTTP request received.
WARNING:  Invalid HTTP request received.
WARNING:  Invalid HTTP request received.
WARNING:  Invalid HTTP request received.
WARNING:  Invalid HTTP request received.
WARNING:  Invalid HTTP request received.
WARNING:  Invalid HTTP request received.
WARNING:  Invalid HTTP request received.
WARNING:  Invalid HTTP request received.
WARNING:  Invalid HTTP request received.
WARNING:  Invalid HTTP request received.
WARNING:  Invalid HTTP request received.
WARNING:  Invalid HTTP request received.
WARNING:  Invalid HTTP request received.
WARNING:  Invalid HTTP request received.
WARNING:  Invalid HTTP request received.
WARNING:  Invalid HTTP request received.
WARNING:  Invalid HTTP request received.
WARNING:  Invalid HTTP request received.
WARNING:  Invalid HTTP request received.
WARNING:  Invalid HTTP request received.
WARNING:  Invalid HTTP request received.
WARNING:  Invalid HTTP request received.
WARNING:  Invalid HTTP request received.
WARNING:  Invalid HTTP request received.
WARNING:  Invalid HTTP request received.
WARNING:  Invalid HTTP request received.
WARNING:  Invalid HTTP request received.
WARNING:  Invalid HTTP request received.
WARNING:  Invalid HTTP request received.
WARNING:  Invalid HTTP request received.
WARNING:  Invalid HTTP request received.
WARNING:  Invalid HTTP request received.
WARNING:  Invalid HTTP request received.
WARNING:  Invalid HTTP request received.
WARNING:  Invalid HTTP request received.
WARNING:  Invalid HTTP request received.
WARNING:  Invalid HTTP request received.
WARNING:  Invalid HTTP request received.
WARNING:  Invalid HTTP request received.
WARNING:  Invalid HTTP request received.
WARNING:  Invalid HTTP request received.
WARNING:  Invalid HTTP request received.
WARNING:  Invalid HTTP request received.
WARNING:  Invalid HTTP request received.
WARNING:  Invalid HTTP request received.
WARNING:  Invalid HTTP request received.
WARNING:  Invalid HTTP request received.
WARNING:  Invalid HTTP request received.
WARNING:  Invalid HTTP request received.
WARNING:  Invalid HTTP request received.
WARNING:  Invalid HTTP request received.
WARNING:  Invalid HTTP request received.
WARNING:  Invalid HTTP request received.
WARNING:  Invalid HTTP request received.
WARNING:  Invalid HTTP request received.
WARNING:  Invalid HTTP request received.
WARNING:  Invalid HTTP request received.
WARNING:  Invalid HTTP request received.
WARNING:  Invalid HTTP request received.
WARNING:  Invalid HTTP request received.
WARNING:  Invalid HTTP request received.
WARNING:  Invalid HTTP request received.
WARNING:  Invalid HTTP request received.
WARNING:  Invalid HTTP request received.
WARNING:  Invalid HTTP request received.
WARNING:  Invalid HTTP request received.
WARNING:  Invalid HTTP request received.
WARNING:  Invalid HTTP request received.
WARNING:  Invalid HTTP request received.
WARNING:  Invalid HTTP request received.
WARNING:  Invalid HTTP request received.
WARNING:  Invalid HTTP request received.
WARNING:  Invalid HTTP request received.
WARNING:  Invalid HTTP request received.
WARNING:  Invalid HTTP request received.
WARNING:  Invalid HTTP request received.
INFO:     Shutting down
INFO:     Waiting for application shutdown.
INFO:     Application shutdown complete.
INFO:     Finished server process [1168348]
INFO:     Stopping reloader process [1168293]
2026-03-18 03:38:53.731 | INFO     | __main__:<module>:44 - Uvicorn stopped
2026-03-18 03:39:30.134 | INFO     | __main__:<module>:35 - Starting debug uvicorn
INFO:     Will watch for changes in these directories: ['/personal/wvpn-project/vpn']
INFO:     Uvicorn running on http://0.0.0.0:9001 (Press CTRL+C to quit)
INFO:     Started reloader process [981] using StatReload
INFO:     Started server process [1535]
INFO:     Waiting for application startup.
INFO:     Application startup complete.
WARNING:  Invalid HTTP request received.
WARNING:  Invalid HTTP request received.
WARNING:  Invalid HTTP request received.
WARNING:  Invalid HTTP request received.
WARNING:  Invalid HTTP request received.
WARNING:  Invalid HTTP request received.
WARNING:  Invalid HTTP request received.
WARNING:  Invalid HTTP request received.
WARNING:  Invalid HTTP request received.
WARNING:  Invalid HTTP request received.
WARNING:  Invalid HTTP request received.
WARNING:  Invalid HTTP request received.
WARNING:  Invalid HTTP request received.
INFO:     Shutting down
INFO:     Waiting for application shutdown.
INFO:     Application shutdown complete.
INFO:     Finished server process [1535]
INFO:     Stopping reloader process [981]
2026-03-18 18:31:07.707 | INFO     | __main__:<module>:44 - Uvicorn stopped
2026-03-18 18:31:14.539 | INFO     | __main__:<module>:35 - Starting debug uvicorn
INFO:     Will watch for changes in these directories: ['/personal/wvpn-project/vpn']
INFO:     Uvicorn running on http://0.0.0.0:9001 (Press CTRL+C to quit)
INFO:     Started reloader process [255278] using StatReload
INFO:     Started server process [255358]
INFO:     Waiting for application startup.
INFO:     Application startup complete.
WARNING:  Invalid HTTP request received.
WARNING:  Invalid HTTP request received.
WARNING:  Invalid HTTP request received.
WARNING:  Invalid HTTP request received.
WARNING:  Invalid HTTP request received.
WARNING:  Invalid HTTP request received.
WARNING:  Invalid HTTP request received.
WARNING:  Invalid HTTP request received.
WARNING:  Invalid HTTP request received.
WARNING:  Invalid HTTP request received.
WARNING:  Invalid HTTP request received.
WARNING:  Invalid HTTP request received.
WARNING:  Invalid HTTP request received.
WARNING:  Invalid HTTP request received.
WARNING:  Invalid HTTP request received.
WARNING:  Invalid HTTP request received.
WARNING:  Invalid HTTP request received.
WARNING:  Invalid HTTP request received.
WARNING:  Invalid HTTP request received.
INFO:     Shutting down
INFO:     Waiting for application shutdown.
INFO:     Application shutdown complete.
INFO:     Finished server process [255358]
INFO:     Stopping reloader process [255278]
2026-03-20 07:59:57.176 | INFO     | __main__:<module>:44 - Uvicorn stopped
2026-03-20 08:00:02.761 | INFO     | __main__:<module>:35 - Starting debug uvicorn
INFO:     Will watch for changes in these directories: ['/personal/wvpn-project/vpn']
INFO:     Uvicorn running on http://0.0.0.0:9001 (Press CTRL+C to quit)
INFO:     Started reloader process [879578] using StatReload
INFO:     Started server process [879653]
INFO:     Waiting for application startup.
INFO:     Application startup complete.
WARNING:  Invalid HTTP request received.
WARNING:  Invalid HTTP request received.
WARNING:  Invalid HTTP request received.
WARNING:  Invalid HTTP request received.
WARNING:  Invalid HTTP request received.
WARNING:  Invalid HTTP request received.
WARNING:  Invalid HTTP request received.
WARNING:  Invalid HTTP request received.
WARNING:  Invalid HTTP request received.
WARNING:  Invalid HTTP request received.
WARNING:  Invalid HTTP request received.
WARNING:  Invalid HTTP request received.
WARNING:  Invalid HTTP request received.
WARNING:  Invalid HTTP request received.
WARNING:  Invalid HTTP request received.
WARNING:  Invalid HTTP request received.
WARNING:  Invalid HTTP request received.
WARNING:  Invalid HTTP request received.
WARNING:  Invalid HTTP request received.
WARNING:  Invalid HTTP request received.
WARNING:  Invalid HTTP request received.
WARNING:  Invalid HTTP request received.
WARNING:  Invalid HTTP request received.
WARNING:  Invalid HTTP request received.
WARNING:  Invalid HTTP request received.
WARNING:  Invalid HTTP request received.
WARNING:  Invalid HTTP request received.
WARNING:  Invalid HTTP request received.
WARNING:  Invalid HTTP request received.
WARNING:  Invalid HTTP request received.
WARNING:  Invalid HTTP request received.
WARNING:  Invalid HTTP request received.
WARNING:  Invalid HTTP request received.
WARNING:  Invalid HTTP request received.
WARNING:  Invalid HTTP request received.
WARNING:  Invalid HTTP request received.
WARNING:  Invalid HTTP request received.
WARNING:  Invalid HTTP request received.
WARNING:  Invalid HTTP request received.
WARNING:  Invalid HTTP request received.
WARNING:  Invalid HTTP request received.
WARNING:  Invalid HTTP request received.
WARNING:  Invalid HTTP request received.
WARNING:  Invalid HTTP request received.
WARNING:  Invalid HTTP request received.
WARNING:  Invalid HTTP request received.
WARNING:  Invalid HTTP request received.
WARNING:  Invalid HTTP request received.
WARNING:  Invalid HTTP request received.
WARNING:  Invalid HTTP request received.
WARNING:  Invalid HTTP request received.
WARNING:  Invalid HTTP request received.
WARNING:  Invalid HTTP request received.
WARNING:  Invalid HTTP request received.
WARNING:  Invalid HTTP request received.
WARNING:  Invalid HTTP request received.
WARNING:  Invalid HTTP request received.
WARNING:  Invalid HTTP request received.
WARNING:  Invalid HTTP request received.
WARNING:  Invalid HTTP request received.
WARNING:  Invalid HTTP request received.
WARNING:  Invalid HTTP request received.
WARNING:  Invalid HTTP request received.
WARNING:  Invalid HTTP request received.
WARNING:  Invalid HTTP request received.
INFO:     Shutting down
INFO:     Waiting for application shutdown.
INFO:     Application shutdown complete.
INFO:     Finished server process [879653]
INFO:     Stopping reloader process [879578]
2026-03-22 15:47:42.548 | INFO     | __main__:<module>:44 - Uvicorn stopped
2026-03-22 15:47:50.605 | INFO     | __main__:<module>:35 - Starting debug uvicorn
INFO:     Will watch for changes in these directories: ['/personal/wvpn-project/vpn']
INFO:     Uvicorn running on http://0.0.0.0:9001 (Press CTRL+C to quit)
INFO:     Started reloader process [1802379] using StatReload
INFO:     Started server process [1802438]
INFO:     Waiting for application startup.
INFO:     Application startup complete.
WARNING:  Invalid HTTP request received.
WARNING:  Invalid HTTP request received.
WARNING:  Invalid HTTP request received.
WARNING:  Invalid HTTP request received.
WARNING:  Invalid HTTP request received.
WARNING:  Invalid HTTP request received.
WARNING:  Invalid HTTP request received.
WARNING:  Invalid HTTP request received.
WARNING:  Invalid HTTP request received.
WARNING:  Invalid HTTP request received.
WARNING:  Invalid HTTP request received.
WARNING:  Invalid HTTP request received.
WARNING:  Invalid HTTP request received.
WARNING:  Invalid HTTP request received.
WARNING:  Invalid HTTP request received.
WARNING:  Invalid HTTP request received.
WARNING:  Invalid HTTP request received.
WARNING:  Invalid HTTP request received.
INFO:     Shutting down
INFO:     Waiting for application shutdown.
INFO:     Application shutdown complete.
INFO:     Finished server process [1802438]
INFO:     Stopping reloader process [1802379]
2026-03-23 12:52:34.517 | INFO     | __main__:<module>:44 - Uvicorn stopped
2026-03-23 12:52:41.016 | INFO     | __main__:<module>:35 - Starting debug uvicorn
INFO:     Will watch for changes in these directories: ['/personal/wvpn-project/vpn']
INFO:     Uvicorn running on http://0.0.0.0:9001 (Press CTRL+C to quit)
INFO:     Started reloader process [2150937] using StatReload
INFO:     Started server process [2151006]
INFO:     Waiting for application startup.
INFO:     Application startup complete.
INFO:     Shutting down
INFO:     Waiting for application shutdown.
INFO:     Application shutdown complete.
INFO:     Finished server process [2151006]
INFO:     Stopping reloader process [2150937]
2026-03-23 12:52:43.657 | INFO     | __main__:<module>:44 - Uvicorn stopped
2026-03-23 12:52:45.967 | INFO     | __main__:<module>:35 - Starting debug uvicorn
INFO:     Will watch for changes in these directories: ['/personal/wvpn-project/vpn']
INFO:     Uvicorn running on http://0.0.0.0:9001 (Press CTRL+C to quit)
INFO:     Started reloader process [2151035] using StatReload
INFO:     Started server process [2151054]
INFO:     Waiting for application startup.
INFO:     Application startup complete.
WARNING:  Invalid HTTP request received.
WARNING:  Invalid HTTP request received.
WARNING:  Invalid HTTP request received.
WARNING:  Invalid HTTP request received.
WARNING:  Invalid HTTP request received.
WARNING:  Invalid HTTP request received.
WARNING:  Invalid HTTP request received.
WARNING:  Invalid HTTP request received.
WARNING:  Invalid HTTP request received.
WARNING:  Invalid HTTP request received.
WARNING:  Invalid HTTP request received.
WARNING:  Invalid HTTP request received.
WARNING:  Invalid HTTP request received.
WARNING:  Invalid HTTP request received.
WARNING:  Invalid HTTP request received.
WARNING:  Invalid HTTP request received.
WARNING:  Invalid HTTP request received.
WARNING:  Invalid HTTP request received.
WARNING:  Invalid HTTP request received.
WARNING:  Invalid HTTP request received.
WARNING:  Invalid HTTP request received.
INFO:     Shutting down
INFO:     Waiting for application shutdown.
INFO:     Application shutdown complete.
INFO:     Finished server process [2151054]
INFO:     Stopping reloader process [2151035]
2026-03-23 15:11:52.500 | INFO     | __main__:<module>:44 - Uvicorn stopped
2026-03-23 15:11:55.846 | INFO     | __main__:<module>:35 - Starting debug uvicorn
INFO:     Will watch for changes in these directories: ['/personal/wvpn-project/vpn']
INFO:     Uvicorn running on http://0.0.0.0:9001 (Press CTRL+C to quit)
INFO:     Started reloader process [2189928] using StatReload
INFO:     Started server process [2189979]
INFO:     Waiting for application startup.
INFO:     Application startup complete.
WARNING:  Invalid HTTP request received.
WARNING:  Invalid HTTP request received.
WARNING:  Invalid HTTP request received.
WARNING:  Invalid HTTP request received.
WARNING:  Invalid HTTP request received.
WARNING:  Invalid HTTP request received.
WARNING:  Invalid HTTP request received.
WARNING:  Invalid HTTP request received.
WARNING:  Invalid HTTP request received.
WARNING:  Invalid HTTP request received.
WARNING:  Invalid HTTP request received.
WARNING:  Invalid HTTP request received.
WARNING:  Invalid HTTP request received.
WARNING:  Invalid HTTP request received.
WARNING:  Invalid HTTP request received.
WARNING:  Invalid HTTP request received.
WARNING:  Invalid HTTP request received.
WARNING:  Invalid HTTP request received.
INFO:     Shutting down
INFO:     Waiting for application shutdown.
INFO:     Application shutdown complete.
INFO:     Finished server process [2189979]
INFO:     Stopping reloader process [2189928]
2026-03-24 11:07:51.857 | INFO     | __main__:<module>:44 - Uvicorn stopped
2026-03-24 11:07:57.910 | INFO     | __main__:<module>:35 - Starting debug uvicorn
INFO:     Will watch for changes in these directories: ['/personal/wvpn-project/vpn']
INFO:     Uvicorn running on http://0.0.0.0:9001 (Press CTRL+C to quit)
INFO:     Started reloader process [2524818] using StatReload
INFO:     Started server process [2524906]
INFO:     Waiting for application startup.
INFO:     Application startup complete.
WARNING:  Invalid HTTP request received.
WARNING:  Invalid HTTP request received.
WARNING:  Invalid HTTP request received.
INFO:     Shutting down
INFO:     Waiting for application shutdown.
INFO:     Application shutdown complete.
INFO:     Finished server process [2524906]
INFO:     Stopping reloader process [2524818]
2026-03-24 13:12:54.507 | INFO     | __main__:<module>:44 - Uvicorn stopped
2026-03-24 13:12:58.436 | INFO     | __main__:<module>:35 - Starting debug uvicorn
INFO:     Will watch for changes in these directories: ['/personal/wvpn-project/vpn']
INFO:     Uvicorn running on http://0.0.0.0:9001 (Press CTRL+C to quit)
INFO:     Started reloader process [2622812] using StatReload
INFO:     Started server process [2622867]
INFO:     Waiting for application startup.
INFO:     Application startup complete.
INFO:     Shutting down
INFO:     Waiting for application shutdown.
INFO:     Application shutdown complete.
INFO:     Finished server process [2622867]
INFO:     Stopping reloader process [2622812]
2026-03-24 13:13:00.431 | INFO     | __main__:<module>:44 - Uvicorn stopped
2026-03-24 13:13:03.214 | INFO     | __main__:<module>:35 - Starting debug uvicorn
INFO:     Will watch for changes in these directories: ['/personal/wvpn-project/vpn']
INFO:     Uvicorn running on http://0.0.0.0:9001 (Press CTRL+C to quit)
INFO:     Started reloader process [2622895] using StatReload
INFO:     Started server process [2622931]
INFO:     Waiting for application startup.
INFO:     Application startup complete.
WARNING:  Invalid HTTP request received.
WARNING:  Invalid HTTP request received.
WARNING:  Invalid HTTP request received.
WARNING:  Invalid HTTP request received.
WARNING:  Invalid HTTP request received.
WARNING:  Invalid HTTP request received.
WARNING:  Invalid HTTP request received.
WARNING:  Invalid HTTP request received.
WARNING:  Invalid HTTP request received.
WARNING:  Invalid HTTP request received.
WARNING:  Invalid HTTP request received.
WARNING:  Invalid HTTP request received.
WARNING:  Invalid HTTP request received.
WARNING:  Invalid HTTP request received.
WARNING:  Invalid HTTP request received.
WARNING:  Invalid HTTP request received.
WARNING:  Invalid HTTP request received.
WARNING:  Invalid HTTP request received.
WARNING:  Invalid HTTP request received.
WARNING:  Invalid HTTP request received.
WARNING:  Invalid HTTP request received.
WARNING:  Invalid HTTP request received.
WARNING:  Invalid HTTP request received.
WARNING:  Invalid HTTP request received.
WARNING:  Invalid HTTP request received.
INFO:     Shutting down
INFO:     Waiting for application shutdown.
INFO:     Application shutdown complete.
INFO:     Finished server process [2622931]
INFO:     Stopping reloader process [2622895]
2026-03-25 10:55:33.792 | INFO     | __main__:<module>:44 - Uvicorn stopped
2026-03-25 10:55:38.949 | INFO     | __main__:<module>:35 - Starting debug uvicorn
INFO:     Will watch for changes in these directories: ['/personal/wvpn-project/vpn']
INFO:     Uvicorn running on http://0.0.0.0:9001 (Press CTRL+C to quit)
INFO:     Started reloader process [3656138] using StatReload
INFO:     Started server process [3656215]
INFO:     Waiting for application startup.
INFO:     Application startup complete.
INFO:     Shutting down
INFO:     Waiting for application shutdown.
INFO:     Application shutdown complete.
INFO:     Finished server process [3656215]
INFO:     Stopping reloader process [3656138]
2026-03-25 11:33:15.588 | INFO     | __main__:<module>:44 - Uvicorn stopped
2026-03-25 11:33:19.311 | INFO     | __main__:<module>:35 - Starting debug uvicorn
INFO:     Will watch for changes in these directories: ['/personal/wvpn-project/vpn']
INFO:     Uvicorn running on http://0.0.0.0:9001 (Press CTRL+C to quit)
INFO:     Started reloader process [3686792] using StatReload
INFO:     Started server process [3686873]
INFO:     Waiting for application startup.
INFO:     Application startup complete.
INFO:     Shutting down
INFO:     Waiting for application shutdown.
INFO:     Application shutdown complete.
INFO:     Finished server process [3686873]
INFO:     Stopping reloader process [3686792]
2026-03-25 14:59:46.928 | INFO     | __main__:<module>:44 - Uvicorn stopped
2026-03-25 14:59:57.745 | INFO     | __main__:<module>:35 - Starting debug uvicorn
INFO:     Will watch for changes in these directories: ['/personal/wvpn-project/vpn']
INFO:     Uvicorn running on http://0.0.0.0:9001 (Press CTRL+C to quit)
INFO:     Started reloader process [3850458] using StatReload
INFO:     Started server process [3850575]
INFO:     Waiting for application startup.
INFO:     Application startup complete.
INFO:     Shutting down
INFO:     Waiting for application shutdown.
INFO:     Application shutdown complete.
INFO:     Finished server process [3850575]
INFO:     Stopping reloader process [3850458]
2026-03-25 15:03:50.243 | INFO     | __main__:<module>:44 - Uvicorn stopped
2026-03-25 15:03:55.996 | INFO     | __main__:<module>:35 - Starting debug uvicorn
INFO:     Will watch for changes in these directories: ['/personal/wvpn-project/vpn']
INFO:     Uvicorn running on http://0.0.0.0:9001 (Press CTRL+C to quit)
INFO:     Started reloader process [3854840] using StatReload
INFO:     Started server process [3854930]
INFO:     Waiting for application startup.
INFO:     Application startup complete.
WARNING:  Invalid HTTP request received.
WARNING:  Invalid HTTP request received.
WARNING:  Invalid HTTP request received.
WARNING:  Invalid HTTP request received.
WARNING:  Invalid HTTP request received.
WARNING:  Invalid HTTP request received.
WARNING:  Invalid HTTP request received.
WARNING:  Invalid HTTP request received.
WARNING:  Invalid HTTP request received.
WARNING:  Invalid HTTP request received.
WARNING:  Invalid HTTP request received.
WARNING:  Invalid HTTP request received.
WARNING:  Invalid HTTP request received.
WARNING:  Invalid HTTP request received.
WARNING:  Invalid HTTP request received.
WARNING:  Invalid HTTP request received.
WARNING:  Invalid HTTP request received.
WARNING:  Invalid HTTP request received.
WARNING:  Invalid HTTP request received.
WARNING:  Invalid HTTP request received.
WARNING:  Invalid HTTP request received.
WARNING:  Invalid HTTP request received.
WARNING:  Invalid HTTP request received.
WARNING:  Invalid HTTP request received.
WARNING:  Invalid HTTP request received.
WARNING:  Invalid HTTP request received.
WARNING:  Invalid HTTP request received.
WARNING:  Invalid HTTP request received.
WARNING:  Invalid HTTP request received.
WARNING:  Invalid HTTP request received.
WARNING:  Invalid HTTP request received.
WARNING:  Invalid HTTP request received.
WARNING:  Invalid HTTP request received.
WARNING:  Invalid HTTP request received.
WARNING:  Invalid HTTP request received.
WARNING:  Invalid HTTP request received.
WARNING:  Invalid HTTP request received.
WARNING:  Invalid HTTP request received.
WARNING:  Invalid HTTP request received.
WARNING:  Invalid HTTP request received.
WARNING:  Invalid HTTP request received.
INFO:     Shutting down
INFO:     Waiting for application shutdown.
INFO:     Application shutdown complete.
INFO:     Finished server process [3854930]
INFO:     Stopping reloader process [3854840]
2026-03-26 22:44:43.472 | INFO     | __main__:<module>:44 - Uvicorn stopped
2026-03-26 22:44:52.697 | INFO     | __main__:<module>:35 - Starting debug uvicorn
INFO:     Will watch for changes in these directories: ['/personal/wvpn-project/vpn']
INFO:     Uvicorn running on http://0.0.0.0:9001 (Press CTRL+C to quit)
INFO:     Started reloader process [1143245] using StatReload
INFO:     Started server process [1143305]
INFO:     Waiting for application startup.
INFO:     Application startup complete.
INFO:     Shutting down
INFO:     Waiting for application shutdown.
INFO:     Application shutdown complete.
INFO:     Finished server process [1143305]
INFO:     Stopping reloader process [1143245]
2026-03-26 23:42:26.300 | INFO     | __main__:<module>:44 - Uvicorn stopped
2026-03-26 23:42:28.476 | INFO     | __main__:<module>:35 - Starting debug uvicorn
INFO:     Will watch for changes in these directories: ['/personal/wvpn-project/vpn']
INFO:     Uvicorn running on http://0.0.0.0:9001 (Press CTRL+C to quit)
INFO:     Started reloader process [1188042] using StatReload
INFO:     Stopping reloader process [1188042]
2026-03-26 23:42:29.527 | INFO     | __main__:<module>:44 - Uvicorn stopped
2026-03-26 23:42:32.005 | INFO     | __main__:<module>:35 - Starting debug uvicorn
INFO:     Will watch for changes in these directories: ['/personal/wvpn-project/vpn']
INFO:     Uvicorn running on http://0.0.0.0:9001 (Press CTRL+C to quit)
INFO:     Started reloader process [1188096] using StatReload
INFO:     Started server process [1188136]
INFO:     Waiting for application startup.
INFO:     Application startup complete.
WARNING:  Invalid HTTP request received.
WARNING:  Invalid HTTP request received.
WARNING:  Invalid HTTP request received.
WARNING:  Invalid HTTP request received.
WARNING:  Invalid HTTP request received.
INFO:     Shutting down
INFO:     Waiting for application shutdown.
INFO:     Application shutdown complete.
INFO:     Finished server process [1188136]
INFO:     Stopping reloader process [1188096]
2026-03-27 10:07:08.795 | INFO     | __main__:<module>:44 - Uvicorn stopped
2026-03-27 10:07:15.867 | INFO     | __main__:<module>:35 - Starting debug uvicorn
INFO:     Will watch for changes in these directories: ['/personal/wvpn-project/vpn']
INFO:     Uvicorn running on http://0.0.0.0:9001 (Press CTRL+C to quit)
INFO:     Started reloader process [1693858] using StatReload
INFO:     Started server process [1693919]
INFO:     Waiting for application startup.
INFO:     Application startup complete.
WARNING:  Invalid HTTP request received.
WARNING:  Invalid HTTP request received.
WARNING:  Invalid HTTP request received.
INFO:     Shutting down
INFO:     Waiting for application shutdown.
INFO:     Application shutdown complete.
INFO:     Finished server process [1693919]
INFO:     Stopping reloader process [1693858]
2026-03-27 15:42:28.471 | INFO     | __main__:<module>:44 - Uvicorn stopped
2026-03-27 15:43:11.222 | INFO     | __main__:<module>:35 - Starting debug uvicorn
INFO:     Will watch for changes in these directories: ['/personal/wvpn-project/vpn']
INFO:     Uvicorn running on http://0.0.0.0:9001 (Press CTRL+C to quit)
INFO:     Started reloader process [948] using StatReload
INFO:     Started server process [1626]
INFO:     Waiting for application startup.
INFO:     Application startup complete.
INFO:     Shutting down
INFO:     Waiting for application shutdown.
INFO:     Application shutdown complete.
INFO:     Finished server process [1626]
INFO:     Stopping reloader process [948]
2026-03-27 16:11:03.201 | INFO     | __main__:<module>:44 - Uvicorn stopped
2026-03-27 16:11:05.590 | INFO     | __main__:<module>:35 - Starting debug uvicorn
INFO:     Will watch for changes in these directories: ['/personal/wvpn-project/vpn']
INFO:     Uvicorn running on http://0.0.0.0:9001 (Press CTRL+C to quit)
INFO:     Started reloader process [26127] using StatReload
INFO:     Started server process [26181]
INFO:     Waiting for application startup.
INFO:     Application startup complete.
WARNING:  Invalid HTTP request received.
WARNING:  Invalid HTTP request received.
WARNING:  Invalid HTTP request received.
WARNING:  Invalid HTTP request received.
WARNING:  Invalid HTTP request received.
WARNING:  Invalid HTTP request received.
WARNING:  Invalid HTTP request received.
WARNING:  Invalid HTTP request received.
WARNING:  Invalid HTTP request received.
WARNING:  Invalid HTTP request received.
WARNING:  Invalid HTTP request received.
WARNING:  Invalid HTTP request received.
WARNING:  Invalid HTTP request received.
WARNING:  Invalid HTTP request received.
WARNING:  Invalid HTTP request received.
INFO:     Shutting down
INFO:     Waiting for application shutdown.
INFO:     Application shutdown complete.
INFO:     Finished server process [26181]
INFO:     Stopping reloader process [26127]
2026-03-27 17:38:30.746 | INFO     | __main__:<module>:44 - Uvicorn stopped
2026-03-27 17:38:32.627 | INFO     | __main__:<module>:35 - Starting debug uvicorn
INFO:     Will watch for changes in these directories: ['/personal/wvpn-project/vpn']
INFO:     Uvicorn running on http://0.0.0.0:9001 (Press CTRL+C to quit)
INFO:     Started reloader process [97910] using StatReload
INFO:     Started server process [97960]
INFO:     Waiting for application startup.
INFO:     Application startup complete.
INFO:     Shutting down
INFO:     Waiting for application shutdown.
INFO:     Application shutdown complete.
INFO:     Finished server process [97960]
INFO:     Stopping reloader process [97910]
2026-03-27 17:48:07.193 | INFO     | __main__:<module>:44 - Uvicorn stopped
2026-03-27 17:48:09.923 | INFO     | __main__:<module>:35 - Starting debug uvicorn
INFO:     Will watch for changes in these directories: ['/personal/wvpn-project/vpn']
INFO:     Uvicorn running on http://0.0.0.0:9001 (Press CTRL+C to quit)
INFO:     Started reloader process [107213] using StatReload
INFO:     Started server process [107245]
INFO:     Waiting for application startup.
INFO:     Application startup complete.
INFO:     Shutting down
INFO:     Waiting for application shutdown.
INFO:     Application shutdown complete.
INFO:     Finished server process [107245]
INFO:     Stopping reloader process [107213]
2026-03-27 17:49:07.037 | INFO     | __main__:<module>:44 - Uvicorn stopped
2026-03-27 17:49:09.964 | INFO     | __main__:<module>:35 - Starting debug uvicorn
INFO:     Will watch for changes in these directories: ['/personal/wvpn-project/vpn']
INFO:     Uvicorn running on http://0.0.0.0:9001 (Press CTRL+C to quit)
INFO:     Started reloader process [108160] using StatReload
INFO:     Started server process [108199]
INFO:     Waiting for application startup.
INFO:     Application startup complete.
WARNING:  Invalid HTTP request received.
WARNING:  Invalid HTTP request received.
WARNING:  Invalid HTTP request received.
WARNING:  Invalid HTTP request received.
WARNING:  Invalid HTTP request received.
WARNING:  Invalid HTTP request received.
WARNING:  Invalid HTTP request received.
INFO:     Shutting down
INFO:     Waiting for application shutdown.
INFO:     Application shutdown complete.
INFO:     Finished server process [108199]
INFO:     Stopping reloader process [108160]
2026-03-28 00:56:49.198 | INFO     | __main__:<module>:44 - Uvicorn stopped
2026-03-28 00:56:53.221 | INFO     | __main__:<module>:35 - Starting debug uvicorn
INFO:     Will watch for changes in these directories: ['/personal/wvpn-project/vpn']
INFO:     Uvicorn running on http://0.0.0.0:9001 (Press CTRL+C to quit)
INFO:     Started reloader process [474873] using StatReload
INFO:     Started server process [474905]
INFO:     Waiting for application startup.
INFO:     Application startup complete.
INFO:     Shutting down
INFO:     Waiting for application shutdown.
INFO:     Application shutdown complete.
INFO:     Finished server process [474905]
INFO:     Stopping reloader process [474873]
2026-03-28 01:29:06.159 | INFO     | __main__:<module>:44 - Uvicorn stopped
2026-03-28 01:29:09.256 | INFO     | __main__:<module>:35 - Starting debug uvicorn
INFO:     Will watch for changes in these directories: ['/personal/wvpn-project/vpn']
INFO:     Uvicorn running on http://0.0.0.0:9001 (Press CTRL+C to quit)
INFO:     Started reloader process [504029] using StatReload
INFO:     Started server process [504105]
INFO:     Waiting for application startup.
INFO:     Application startup complete.
WARNING:  Invalid HTTP request received.
WARNING:  Invalid HTTP request received.
WARNING:  Invalid HTTP request received.
WARNING:  Invalid HTTP request received.
WARNING:  Invalid HTTP request received.
WARNING:  Invalid HTTP request received.
WARNING:  Invalid HTTP request received.
WARNING:  Invalid HTTP request received.
WARNING:  Invalid HTTP request received.
WARNING:  Invalid HTTP request received.
WARNING:  Invalid HTTP request received.
WARNING:  Invalid HTTP request received.
WARNING:  Invalid HTTP request received.
INFO:     Shutting down
INFO:     Waiting for application shutdown.
INFO:     Application shutdown complete.
INFO:     Finished server process [504105]
INFO:     Stopping reloader process [504029]
2026-03-28 15:19:09.083 | INFO     | __main__:<module>:44 - Uvicorn stopped
2026-03-28 15:19:13.670 | INFO     | __main__:<module>:35 - Starting debug uvicorn
INFO:     Will watch for changes in these directories: ['/personal/wvpn-project/vpn']
INFO:     Uvicorn running on http://0.0.0.0:9001 (Press CTRL+C to quit)
INFO:     Started reloader process [1196537] using StatReload
INFO:     Started server process [1196566]
INFO:     Waiting for application startup.
INFO:     Application startup complete.
INFO:     Shutting down
INFO:     Waiting for application shutdown.
INFO:     Application shutdown complete.
INFO:     Finished server process [1196566]
INFO:     Stopping reloader process [1196537]
2026-03-28 15:24:46.173 | INFO     | __main__:<module>:44 - Uvicorn stopped
2026-03-28 15:24:49.281 | INFO     | __main__:<module>:35 - Starting debug uvicorn
INFO:     Will watch for changes in these directories: ['/personal/wvpn-project/vpn']
INFO:     Uvicorn running on http://0.0.0.0:9001 (Press CTRL+C to quit)
INFO:     Started reloader process [1204703] using StatReload
INFO:     Started server process [1204728]
INFO:     Waiting for application startup.
INFO:     Application startup complete.
INFO:     Shutting down
INFO:     Waiting for application shutdown.
INFO:     Application shutdown complete.
INFO:     Finished server process [1204728]
INFO:     Stopping reloader process [1204703]
2026-03-28 15:29:25.062 | INFO     | __main__:<module>:44 - Uvicorn stopped
2026-03-28 15:29:27.646 | INFO     | __main__:<module>:35 - Starting debug uvicorn
INFO:     Will watch for changes in these directories: ['/personal/wvpn-project/vpn']
INFO:     Uvicorn running on http://0.0.0.0:9001 (Press CTRL+C to quit)
INFO:     Started reloader process [1209373] using StatReload
INFO:     Started server process [1209417]
INFO:     Waiting for application startup.
INFO:     Application startup complete.
WARNING:  Invalid HTTP request received.
WARNING:  Invalid HTTP request received.
WARNING:  Invalid HTTP request received.
WARNING:  Invalid HTTP request received.
WARNING:  Invalid HTTP request received.
WARNING:  Invalid HTTP request received.
WARNING:  Invalid HTTP request received.
WARNING:  Invalid HTTP request received.
WARNING:  Invalid HTTP request received.
WARNING:  Invalid HTTP request received.
WARNING:  Invalid HTTP request received.
WARNING:  Invalid HTTP request received.
WARNING:  Invalid HTTP request received.
INFO:     Shutting down
INFO:     Waiting for application shutdown.
INFO:     Application shutdown complete.
INFO:     Finished server process [1209417]
INFO:     Stopping reloader process [1209373]
2026-03-29 10:48:58.465 | INFO     | __main__:<module>:44 - Uvicorn stopped
2026-03-29 10:49:03.833 | INFO     | __main__:<module>:35 - Starting debug uvicorn
INFO:     Will watch for changes in these directories: ['/personal/wvpn-project/vpn']
INFO:     Uvicorn running on http://0.0.0.0:9001 (Press CTRL+C to quit)
INFO:     Started reloader process [2140467] using StatReload
INFO:     Started server process [2140518]
INFO:     Waiting for application startup.
INFO:     Application startup complete.
WARNING:  Invalid HTTP request received.
WARNING:  Invalid HTTP request received.
WARNING:  Invalid HTTP request received.
WARNING:  Invalid HTTP request received.
WARNING:  Invalid HTTP request received.
WARNING:  Invalid HTTP request received.
WARNING:  Invalid HTTP request received.
WARNING:  Invalid HTTP request received.
WARNING:  Invalid HTTP request received.
INFO:     Shutting down
INFO:     Waiting for application shutdown.
INFO:     Application shutdown complete.
INFO:     Finished server process [2140518]
INFO:     Stopping reloader process [2140467]
2026-03-29 13:08:11.548 | INFO     | __main__:<module>:44 - Uvicorn stopped
2026-03-29 13:08:14.676 | INFO     | __main__:<module>:35 - Starting debug uvicorn
INFO:     Will watch for changes in these directories: ['/personal/wvpn-project/vpn']
INFO:     Uvicorn running on http://0.0.0.0:9001 (Press CTRL+C to quit)
INFO:     Started reloader process [2252702] using StatReload
INFO:     Started server process [2252734]
INFO:     Waiting for application startup.
INFO:     Application startup complete.
WARNING:  Invalid HTTP request received.
WARNING:  Invalid HTTP request received.
WARNING:  Invalid HTTP request received.
WARNING:  Invalid HTTP request received.
WARNING:  Invalid HTTP request received.
WARNING:  Invalid HTTP request received.
WARNING:  Invalid HTTP request received.
WARNING:  Invalid HTTP request received.
WARNING:  Invalid HTTP request received.
WARNING:  Invalid HTTP request received.
INFO:     Shutting down
INFO:     Waiting for application shutdown.
INFO:     Application shutdown complete.
INFO:     Finished server process [2252734]
INFO:     Stopping reloader process [2252702]
2026-03-29 21:20:14.815 | INFO     | __main__:<module>:44 - Uvicorn stopped
2026-03-29 21:20:19.836 | INFO     | __main__:<module>:35 - Starting debug uvicorn
INFO:     Will watch for changes in these directories: ['/personal/wvpn-project/vpn']
INFO:     Uvicorn running on http://0.0.0.0:9001 (Press CTRL+C to quit)
INFO:     Started reloader process [2648943] using StatReload
INFO:     Started server process [2649001]
INFO:     Waiting for application startup.
INFO:     Application startup complete.
WARNING:  Invalid HTTP request received.
WARNING:  Invalid HTTP request received.
WARNING:  Invalid HTTP request received.
WARNING:  Invalid HTTP request received.
WARNING:  Invalid HTTP request received.
WARNING:  Invalid HTTP request received.
WARNING:  Invalid HTTP request received.
WARNING:  Invalid HTTP request received.
WARNING:  Invalid HTTP request received.
WARNING:  Invalid HTTP request received.
WARNING:  Invalid HTTP request received.
WARNING:  Invalid HTTP request received.
WARNING:  Invalid HTTP request received.
WARNING:  Invalid HTTP request received.
INFO:     Shutting down
INFO:     Waiting for application shutdown.
INFO:     Application shutdown complete.
INFO:     Finished server process [2649001]
INFO:     Stopping reloader process [2648943]
2026-03-30 12:59:55.787 | INFO     | __main__:<module>:44 - Uvicorn stopped
2026-03-30 13:00:05.957 | INFO     | __main__:<module>:35 - Starting debug uvicorn
INFO:     Will watch for changes in these directories: ['/personal/wvpn-project/vpn']
INFO:     Uvicorn running on http://0.0.0.0:9001 (Press CTRL+C to quit)
INFO:     Started reloader process [3417179] using StatReload
INFO:     Started server process [3417229]
INFO:     Waiting for application startup.
INFO:     Application startup complete.
INFO:     Shutting down
INFO:     Waiting for application shutdown.
INFO:     Application shutdown complete.
INFO:     Finished server process [3417229]
INFO:     Stopping reloader process [3417179]
2026-03-30 17:13:47.025 | INFO     | __main__:<module>:44 - Uvicorn stopped
2026-03-30 17:13:55.816 | INFO     | __main__:<module>:35 - Starting debug uvicorn
INFO:     Will watch for changes in these directories: ['/personal/wvpn-project/vpn']
INFO:     Uvicorn running on http://0.0.0.0:9001 (Press CTRL+C to quit)
INFO:     Started reloader process [3618823] using StatReload
INFO:     Started server process [3618862]
INFO:     Waiting for application startup.
INFO:     Application startup complete.
INFO:     Shutting down
INFO:     Waiting for application shutdown.
INFO:     Application shutdown complete.
INFO:     Finished server process [3618862]
INFO:     Stopping reloader process [3618823]
2026-03-30 17:35:49.647 | INFO     | __main__:<module>:44 - Uvicorn stopped
2026-03-30 17:35:51.483 | INFO     | __main__:<module>:35 - Starting debug uvicorn
INFO:     Will watch for changes in these directories: ['/personal/wvpn-project/vpn']
INFO:     Uvicorn running on http://0.0.0.0:9001 (Press CTRL+C to quit)
INFO:     Started reloader process [3635834] using StatReload
INFO:     Started server process [3635871]
INFO:     Waiting for application startup.
INFO:     Application startup complete.
INFO:     Shutting down
INFO:     Waiting for application shutdown.
INFO:     Application shutdown complete.
INFO:     Finished server process [3635871]
INFO:     Stopping reloader process [3635834]
2026-03-30 17:38:15.580 | INFO     | __main__:<module>:44 - Uvicorn stopped
2026-03-30 17:38:17.048 | INFO     | __main__:<module>:35 - Starting debug uvicorn
INFO:     Will watch for changes in these directories: ['/personal/wvpn-project/vpn']
INFO:     Uvicorn running on http://0.0.0.0:9001 (Press CTRL+C to quit)
INFO:     Started reloader process [3637804] using StatReload
INFO:     Started server process [3637844]
INFO:     Waiting for application startup.
INFO:     Application startup complete.
INFO:     Shutting down
INFO:     Waiting for application shutdown.
INFO:     Application shutdown complete.
INFO:     Finished server process [3637844]
INFO:     Stopping reloader process [3637804]
2026-03-30 17:40:18.951 | INFO     | __main__:<module>:44 - Uvicorn stopped
2026-03-30 17:40:20.386 | INFO     | __main__:<module>:35 - Starting debug uvicorn
INFO:     Will watch for changes in these directories: ['/personal/wvpn-project/vpn']
INFO:     Uvicorn running on http://0.0.0.0:9001 (Press CTRL+C to quit)
INFO:     Started reloader process [3639450] using StatReload
INFO:     Started server process [3639487]
INFO:     Waiting for application startup.
INFO:     Application startup complete.
INFO:     Shutting down
INFO:     Waiting for application shutdown.
INFO:     Application shutdown complete.
INFO:     Finished server process [3639487]
INFO:     Stopping reloader process [3639450]
2026-03-30 17:41:29.057 | INFO     | __main__:<module>:44 - Uvicorn stopped
2026-03-30 17:41:30.009 | INFO     | __main__:<module>:35 - Starting debug uvicorn
INFO:     Will watch for changes in these directories: ['/personal/wvpn-project/vpn']
INFO:     Uvicorn running on http://0.0.0.0:9001 (Press CTRL+C to quit)
INFO:     Started reloader process [3640425] using StatReload
INFO:     Started server process [3640473]
INFO:     Waiting for application startup.
INFO:     Application startup complete.
INFO:     Shutting down
INFO:     Waiting for application shutdown.
INFO:     Application shutdown complete.
INFO:     Finished server process [3640473]
INFO:     Stopping reloader process [3640425]
2026-03-30 17:41:50.065 | INFO     | __main__:<module>:44 - Uvicorn stopped
2026-03-30 17:41:50.919 | INFO     | __main__:<module>:35 - Starting debug uvicorn
INFO:     Will watch for changes in these directories: ['/personal/wvpn-project/vpn']
INFO:     Uvicorn running on http://0.0.0.0:9001 (Press CTRL+C to quit)
INFO:     Started reloader process [3640772] using StatReload
INFO:     Started server process [3640804]
INFO:     Waiting for application startup.
INFO:     Application startup complete.
INFO:     Shutting down
INFO:     Waiting for application shutdown.
INFO:     Application shutdown complete.
INFO:     Finished server process [3640804]
INFO:     Stopping reloader process [3640772]
2026-03-30 17:42:11.016 | INFO     | __main__:<module>:44 - Uvicorn stopped
2026-03-30 17:42:12.059 | INFO     | __main__:<module>:35 - Starting debug uvicorn
INFO:     Will watch for changes in these directories: ['/personal/wvpn-project/vpn']
INFO:     Uvicorn running on http://0.0.0.0:9001 (Press CTRL+C to quit)
INFO:     Started reloader process [3641095] using StatReload
INFO:     Started server process [3641131]
INFO:     Waiting for application startup.
INFO:     Application startup complete.
INFO:     Shutting down
INFO:     Waiting for application shutdown.
INFO:     Application shutdown complete.
INFO:     Finished server process [3641131]
INFO:     Stopping reloader process [3641095]
2026-03-30 17:42:31.866 | INFO     | __main__:<module>:44 - Uvicorn stopped
2026-03-30 17:42:32.851 | INFO     | __main__:<module>:35 - Starting debug uvicorn
INFO:     Will watch for changes in these directories: ['/personal/wvpn-project/vpn']
INFO:     Uvicorn running on http://0.0.0.0:9001 (Press CTRL+C to quit)
INFO:     Started reloader process [3641414] using StatReload
INFO:     Started server process [3641452]
INFO:     Waiting for application startup.
INFO:     Application startup complete.
INFO:     Shutting down
INFO:     Waiting for application shutdown.
INFO:     Application shutdown complete.
INFO:     Finished server process [3641452]
INFO:     Stopping reloader process [3641414]
2026-03-30 17:42:52.663 | INFO     | __main__:<module>:44 - Uvicorn stopped
2026-03-30 17:42:53.584 | INFO     | __main__:<module>:35 - Starting debug uvicorn
INFO:     Will watch for changes in these directories: ['/personal/wvpn-project/vpn']
INFO:     Uvicorn running on http://0.0.0.0:9001 (Press CTRL+C to quit)
INFO:     Started reloader process [3641736] using StatReload
INFO:     Started server process [3641772]
INFO:     Waiting for application startup.
INFO:     Application startup complete.
INFO:     Shutting down
INFO:     Waiting for application shutdown.
INFO:     Application shutdown complete.
INFO:     Finished server process [3641772]
INFO:     Stopping reloader process [3641736]
2026-03-30 17:43:13.702 | INFO     | __main__:<module>:44 - Uvicorn stopped
2026-03-30 17:43:14.566 | INFO     | __main__:<module>:35 - Starting debug uvicorn
INFO:     Will watch for changes in these directories: ['/personal/wvpn-project/vpn']
INFO:     Uvicorn running on http://0.0.0.0:9001 (Press CTRL+C to quit)
INFO:     Started reloader process [3642058] using StatReload
INFO:     Started server process [3642096]
INFO:     Waiting for application startup.
INFO:     Application startup complete.
INFO:     Shutting down
INFO:     Waiting for application shutdown.
INFO:     Application shutdown complete.
INFO:     Finished server process [3642096]
INFO:     Stopping reloader process [3642058]
2026-03-30 17:43:34.682 | INFO     | __main__:<module>:44 - Uvicorn stopped
2026-03-30 17:43:35.619 | INFO     | __main__:<module>:35 - Starting debug uvicorn
INFO:     Will watch for changes in these directories: ['/personal/wvpn-project/vpn']
INFO:     Uvicorn running on http://0.0.0.0:9001 (Press CTRL+C to quit)
INFO:     Started reloader process [3642372] using StatReload
INFO:     Started server process [3642425]
INFO:     Waiting for application startup.
INFO:     Application startup complete.
INFO:     Shutting down
INFO:     Waiting for application shutdown.
INFO:     Application shutdown complete.
INFO:     Finished server process [3642425]
INFO:     Stopping reloader process [3642372]
2026-03-30 17:43:55.805 | INFO     | __main__:<module>:44 - Uvicorn stopped
2026-03-30 17:43:56.778 | INFO     | __main__:<module>:35 - Starting debug uvicorn
INFO:     Will watch for changes in these directories: ['/personal/wvpn-project/vpn']
INFO:     Uvicorn running on http://0.0.0.0:9001 (Press CTRL+C to quit)
INFO:     Started reloader process [3642701] using StatReload
INFO:     Started server process [3642737]
INFO:     Waiting for application startup.
INFO:     Application startup complete.
INFO:     Shutting down
INFO:     Waiting for application shutdown.
INFO:     Application shutdown complete.
INFO:     Finished server process [3642737]
INFO:     Stopping reloader process [3642701]
2026-03-30 17:44:16.815 | INFO     | __main__:<module>:44 - Uvicorn stopped
2026-03-30 17:44:17.796 | INFO     | __main__:<module>:35 - Starting debug uvicorn
INFO:     Will watch for changes in these directories: ['/personal/wvpn-project/vpn']
INFO:     Uvicorn running on http://0.0.0.0:9001 (Press CTRL+C to quit)
INFO:     Started reloader process [3643022] using StatReload
INFO:     Started server process [3643064]
INFO:     Waiting for application startup.
INFO:     Application startup complete.
INFO:     Shutting down
INFO:     Waiting for application shutdown.
INFO:     Application shutdown complete.
INFO:     Finished server process [3643064]
INFO:     Stopping reloader process [3643022]
2026-03-30 17:44:37.768 | INFO     | __main__:<module>:44 - Uvicorn stopped
2026-03-30 17:44:38.770 | INFO     | __main__:<module>:35 - Starting debug uvicorn
INFO:     Will watch for changes in these directories: ['/personal/wvpn-project/vpn']
INFO:     Uvicorn running on http://0.0.0.0:9001 (Press CTRL+C to quit)
INFO:     Started reloader process [3643341] using StatReload
INFO:     Started server process [3643377]
INFO:     Waiting for application startup.
INFO:     Application startup complete.
INFO:     Shutting down
INFO:     Waiting for application shutdown.
INFO:     Application shutdown complete.
INFO:     Finished server process [3643377]
INFO:     Stopping reloader process [3643341]
2026-03-30 17:44:58.573 | INFO     | __main__:<module>:44 - Uvicorn stopped
2026-03-30 17:44:59.265 | INFO     | __main__:<module>:35 - Starting debug uvicorn
INFO:     Will watch for changes in these directories: ['/personal/wvpn-project/vpn']
INFO:     Uvicorn running on http://0.0.0.0:9001 (Press CTRL+C to quit)
INFO:     Started reloader process [3643656] using StatReload
INFO:     Started server process [3643667]
INFO:     Waiting for application startup.
INFO:     Application startup complete.
INFO:     Shutting down
INFO:     Waiting for application shutdown.
INFO:     Application shutdown complete.
INFO:     Finished server process [3643667]
INFO:     Stopping reloader process [3643656]
2026-03-30 17:45:19.440 | INFO     | __main__:<module>:44 - Uvicorn stopped
2026-03-30 17:45:20.477 | INFO     | __main__:<module>:35 - Starting debug uvicorn
INFO:     Will watch for changes in these directories: ['/personal/wvpn-project/vpn']
INFO:     Uvicorn running on http://0.0.0.0:9001 (Press CTRL+C to quit)
INFO:     Started reloader process [3643972] using StatReload
INFO:     Started server process [3644010]
INFO:     Waiting for application startup.
INFO:     Application startup complete.
INFO:     Shutting down
INFO:     Waiting for application shutdown.
INFO:     Application shutdown complete.
INFO:     Finished server process [3644010]
INFO:     Stopping reloader process [3643972]
2026-03-30 17:45:40.402 | INFO     | __main__:<module>:44 - Uvicorn stopped
2026-03-30 17:45:41.173 | INFO     | __main__:<module>:35 - Starting debug uvicorn
INFO:     Will watch for changes in these directories: ['/personal/wvpn-project/vpn']
INFO:     Uvicorn running on http://0.0.0.0:9001 (Press CTRL+C to quit)
INFO:     Started reloader process [3644291] using StatReload
INFO:     Started server process [3644325]
INFO:     Waiting for application startup.
INFO:     Application startup complete.
INFO:     Shutting down
INFO:     Waiting for application shutdown.
INFO:     Application shutdown complete.
INFO:     Finished server process [3644325]
INFO:     Stopping reloader process [3644291]
2026-03-30 17:46:01.198 | INFO     | __main__:<module>:44 - Uvicorn stopped
2026-03-30 17:46:02.197 | INFO     | __main__:<module>:35 - Starting debug uvicorn
INFO:     Will watch for changes in these directories: ['/personal/wvpn-project/vpn']
INFO:     Uvicorn running on http://0.0.0.0:9001 (Press CTRL+C to quit)
INFO:     Started reloader process [3644610] using StatReload
INFO:     Started server process [3644666]
INFO:     Waiting for application startup.
INFO:     Application startup complete.
INFO:     Shutting down
INFO:     Waiting for application shutdown.
INFO:     Application shutdown complete.
INFO:     Finished server process [3644666]
INFO:     Stopping reloader process [3644610]
2026-03-30 17:46:22.062 | INFO     | __main__:<module>:44 - Uvicorn stopped
2026-03-30 17:46:22.872 | INFO     | __main__:<module>:35 - Starting debug uvicorn
INFO:     Will watch for changes in these directories: ['/personal/wvpn-project/vpn']
INFO:     Uvicorn running on http://0.0.0.0:9001 (Press CTRL+C to quit)
INFO:     Started reloader process [3644946] using StatReload
INFO:     Started server process [3644957]
INFO:     Waiting for application startup.
INFO:     Application startup complete.
INFO:     Shutting down
INFO:     Waiting for application shutdown.
INFO:     Application shutdown complete.
INFO:     Finished server process [3644957]
INFO:     Stopping reloader process [3644946]
2026-03-30 17:46:43.066 | INFO     | __main__:<module>:44 - Uvicorn stopped
2026-03-30 17:46:43.996 | INFO     | __main__:<module>:35 - Starting debug uvicorn
INFO:     Will watch for changes in these directories: ['/personal/wvpn-project/vpn']
INFO:     Uvicorn running on http://0.0.0.0:9001 (Press CTRL+C to quit)
INFO:     Started reloader process [3645263] using StatReload
INFO:     Started server process [3645299]
INFO:     Waiting for application startup.
INFO:     Application startup complete.
INFO:     Shutting down
INFO:     Waiting for application shutdown.
INFO:     Application shutdown complete.
INFO:     Finished server process [3645299]
INFO:     Stopping reloader process [3645263]
2026-03-30 17:47:04.119 | INFO     | __main__:<module>:44 - Uvicorn stopped
2026-03-30 17:47:05.154 | INFO     | __main__:<module>:35 - Starting debug uvicorn
INFO:     Will watch for changes in these directories: ['/personal/wvpn-project/vpn']
INFO:     Uvicorn running on http://0.0.0.0:9001 (Press CTRL+C to quit)
INFO:     Started reloader process [3645579] using StatReload
INFO:     Started server process [3645616]
INFO:     Waiting for application startup.
INFO:     Application startup complete.
INFO:     Shutting down
INFO:     Waiting for application shutdown.
INFO:     Application shutdown complete.
INFO:     Finished server process [3645616]
INFO:     Stopping reloader process [3645579]
2026-03-30 17:47:25.072 | INFO     | __main__:<module>:44 - Uvicorn stopped
2026-03-30 17:47:25.907 | INFO     | __main__:<module>:35 - Starting debug uvicorn
INFO:     Will watch for changes in these directories: ['/personal/wvpn-project/vpn']
INFO:     Uvicorn running on http://0.0.0.0:9001 (Press CTRL+C to quit)
INFO:     Started reloader process [3645895] using StatReload
INFO:     Started server process [3645926]
INFO:     Waiting for application startup.
INFO:     Application startup complete.
INFO:     Shutting down
INFO:     Waiting for application shutdown.
INFO:     Application shutdown complete.
INFO:     Finished server process [3645926]
INFO:     Stopping reloader process [3645895]
2026-03-30 17:47:45.925 | INFO     | __main__:<module>:44 - Uvicorn stopped
2026-03-30 17:47:47.027 | INFO     | __main__:<module>:35 - Starting debug uvicorn
INFO:     Will watch for changes in these directories: ['/personal/wvpn-project/vpn']
INFO:     Uvicorn running on http://0.0.0.0:9001 (Press CTRL+C to quit)
INFO:     Started reloader process [3646211] using StatReload
INFO:     Started server process [3646243]
INFO:     Waiting for application startup.
INFO:     Application startup complete.
INFO:     Shutting down
INFO:     Waiting for application shutdown.
INFO:     Application shutdown complete.
INFO:     Finished server process [3646243]
INFO:     Stopping reloader process [3646211]
2026-03-30 17:48:07.050 | INFO     | __main__:<module>:44 - Uvicorn stopped
2026-03-30 17:48:08.102 | INFO     | __main__:<module>:35 - Starting debug uvicorn
INFO:     Will watch for changes in these directories: ['/personal/wvpn-project/vpn']
INFO:     Uvicorn running on http://0.0.0.0:9001 (Press CTRL+C to quit)
INFO:     Started reloader process [3646528] using StatReload
INFO:     Started server process [3646584]
INFO:     Waiting for application startup.
INFO:     Application startup complete.
INFO:     Shutting down
INFO:     Waiting for application shutdown.
INFO:     Application shutdown complete.
INFO:     Finished server process [3646584]
INFO:     Stopping reloader process [3646528]
2026-03-30 17:48:27.988 | INFO     | __main__:<module>:44 - Uvicorn stopped
2026-03-30 17:48:28.823 | INFO     | __main__:<module>:35 - Starting debug uvicorn
INFO:     Will watch for changes in these directories: ['/personal/wvpn-project/vpn']
INFO:     Uvicorn running on http://0.0.0.0:9001 (Press CTRL+C to quit)
INFO:     Started reloader process [3646862] using StatReload
INFO:     Started server process [3646893]
INFO:     Waiting for application startup.
INFO:     Application startup complete.
INFO:     Shutting down
INFO:     Waiting for application shutdown.
INFO:     Application shutdown complete.
INFO:     Finished server process [3646893]
INFO:     Stopping reloader process [3646862]
2026-03-30 17:48:48.926 | INFO     | __main__:<module>:44 - Uvicorn stopped
2026-03-30 17:48:49.888 | INFO     | __main__:<module>:35 - Starting debug uvicorn
INFO:     Will watch for changes in these directories: ['/personal/wvpn-project/vpn']
INFO:     Uvicorn running on http://0.0.0.0:9001 (Press CTRL+C to quit)
INFO:     Started reloader process [3647181] using StatReload
INFO:     Started server process [3647218]
INFO:     Waiting for application startup.
INFO:     Application startup complete.
INFO:     Shutting down
INFO:     Waiting for application shutdown.
INFO:     Application shutdown complete.
INFO:     Finished server process [3647218]
INFO:     Stopping reloader process [3647181]
2026-03-30 17:49:09.766 | INFO     | __main__:<module>:44 - Uvicorn stopped
2026-03-30 17:49:10.637 | INFO     | __main__:<module>:35 - Starting debug uvicorn
INFO:     Will watch for changes in these directories: ['/personal/wvpn-project/vpn']
INFO:     Uvicorn running on http://0.0.0.0:9001 (Press CTRL+C to quit)
INFO:     Started reloader process [3647493] using StatReload
INFO:     Started server process [3647527]
INFO:     Waiting for application startup.
INFO:     Application startup complete.
INFO:     Shutting down
INFO:     Waiting for application shutdown.
INFO:     Application shutdown complete.
INFO:     Finished server process [3647527]
INFO:     Stopping reloader process [3647493]
2026-03-30 17:49:30.619 | INFO     | __main__:<module>:44 - Uvicorn stopped
2026-03-30 17:49:31.589 | INFO     | __main__:<module>:35 - Starting debug uvicorn
INFO:     Will watch for changes in these directories: ['/personal/wvpn-project/vpn']
INFO:     Uvicorn running on http://0.0.0.0:9001 (Press CTRL+C to quit)
INFO:     Started reloader process [3647810] using StatReload
INFO:     Started server process [3647846]
INFO:     Waiting for application startup.
INFO:     Application startup complete.
INFO:     Shutting down
INFO:     Waiting for application shutdown.
INFO:     Application shutdown complete.
INFO:     Finished server process [3647846]
INFO:     Stopping reloader process [3647810]
2026-03-30 17:49:51.402 | INFO     | __main__:<module>:44 - Uvicorn stopped
2026-03-30 17:49:52.204 | INFO     | __main__:<module>:35 - Starting debug uvicorn
INFO:     Will watch for changes in these directories: ['/personal/wvpn-project/vpn']
INFO:     Uvicorn running on http://0.0.0.0:9001 (Press CTRL+C to quit)
INFO:     Started reloader process [3648122] using StatReload
INFO:     Started server process [3648154]
INFO:     Waiting for application startup.
INFO:     Application startup complete.
INFO:     Shutting down
INFO:     Waiting for application shutdown.
INFO:     Application shutdown complete.
INFO:     Finished server process [3648154]
INFO:     Stopping reloader process [3648122]
2026-03-30 17:50:12.282 | INFO     | __main__:<module>:44 - Uvicorn stopped
2026-03-30 17:50:13.099 | INFO     | __main__:<module>:35 - Starting debug uvicorn
INFO:     Will watch for changes in these directories: ['/personal/wvpn-project/vpn']
INFO:     Uvicorn running on http://0.0.0.0:9001 (Press CTRL+C to quit)
INFO:     Started reloader process [3648443] using StatReload
INFO:     Started server process [3648476]
INFO:     Waiting for application startup.
INFO:     Application startup complete.
INFO:     Shutting down
INFO:     Waiting for application shutdown.
INFO:     Application shutdown complete.
INFO:     Finished server process [3648476]
INFO:     Stopping reloader process [3648443]
2026-03-30 17:50:33.270 | INFO     | __main__:<module>:44 - Uvicorn stopped
2026-03-30 17:50:34.319 | INFO     | __main__:<module>:35 - Starting debug uvicorn
INFO:     Will watch for changes in these directories: ['/personal/wvpn-project/vpn']
INFO:     Uvicorn running on http://0.0.0.0:9001 (Press CTRL+C to quit)
INFO:     Started reloader process [3648764] using StatReload
INFO:     Started server process [3648817]
INFO:     Waiting for application startup.
INFO:     Application startup complete.
INFO:     Shutting down
INFO:     Waiting for application shutdown.
INFO:     Application shutdown complete.
INFO:     Finished server process [3648817]
INFO:     Stopping reloader process [3648764]
2026-03-30 17:50:54.212 | INFO     | __main__:<module>:44 - Uvicorn stopped
2026-03-30 17:50:55.157 | INFO     | __main__:<module>:35 - Starting debug uvicorn
INFO:     Will watch for changes in these directories: ['/personal/wvpn-project/vpn']
INFO:     Uvicorn running on http://0.0.0.0:9001 (Press CTRL+C to quit)
INFO:     Started reloader process [3649095] using StatReload
INFO:     Started server process [3649131]
INFO:     Waiting for application startup.
INFO:     Application startup complete.
INFO:     Shutting down
INFO:     Waiting for application shutdown.
INFO:     Application shutdown complete.
INFO:     Finished server process [3649131]
INFO:     Stopping reloader process [3649095]
2026-03-30 17:51:15.234 | INFO     | __main__:<module>:44 - Uvicorn stopped
2026-03-30 17:51:16.100 | INFO     | __main__:<module>:35 - Starting debug uvicorn
INFO:     Will watch for changes in these directories: ['/personal/wvpn-project/vpn']
INFO:     Uvicorn running on http://0.0.0.0:9001 (Press CTRL+C to quit)
INFO:     Started reloader process [3649412] using StatReload
INFO:     Started server process [3649446]
INFO:     Waiting for application startup.
INFO:     Application startup complete.
INFO:     Shutting down
INFO:     Waiting for application shutdown.
INFO:     Application shutdown complete.
INFO:     Finished server process [3649446]
INFO:     Stopping reloader process [3649412]
2026-03-30 17:51:36.149 | INFO     | __main__:<module>:44 - Uvicorn stopped
2026-03-30 17:51:36.978 | INFO     | __main__:<module>:35 - Starting debug uvicorn
INFO:     Will watch for changes in these directories: ['/personal/wvpn-project/vpn']
INFO:     Uvicorn running on http://0.0.0.0:9001 (Press CTRL+C to quit)
INFO:     Started reloader process [3649728] using StatReload
INFO:     Started server process [3649761]
INFO:     Waiting for application startup.
INFO:     Application startup complete.
INFO:     Shutting down
INFO:     Waiting for application shutdown.
INFO:     Application shutdown complete.
INFO:     Finished server process [3649761]
INFO:     Stopping reloader process [3649728]
2026-03-30 17:51:56.975 | INFO     | __main__:<module>:44 - Uvicorn stopped
2026-03-30 17:51:58.049 | INFO     | __main__:<module>:35 - Starting debug uvicorn
INFO:     Will watch for changes in these directories: ['/personal/wvpn-project/vpn']
INFO:     Uvicorn running on http://0.0.0.0:9001 (Press CTRL+C to quit)
INFO:     Started reloader process [3650044] using StatReload
INFO:     Started server process [3650085]
INFO:     Waiting for application startup.
INFO:     Application startup complete.
INFO:     Shutting down
INFO:     Waiting for application shutdown.
INFO:     Application shutdown complete.
INFO:     Finished server process [3650085]
INFO:     Stopping reloader process [3650044]
2026-03-30 17:52:18.018 | INFO     | __main__:<module>:44 - Uvicorn stopped
2026-03-30 17:52:18.947 | INFO     | __main__:<module>:35 - Starting debug uvicorn
INFO:     Will watch for changes in these directories: ['/personal/wvpn-project/vpn']
INFO:     Uvicorn running on http://0.0.0.0:9001 (Press CTRL+C to quit)
INFO:     Started reloader process [3650366] using StatReload
INFO:     Started server process [3650402]
INFO:     Waiting for application startup.
INFO:     Application startup complete.
INFO:     Shutting down
INFO:     Waiting for application shutdown.
INFO:     Application shutdown complete.
INFO:     Finished server process [3650402]
INFO:     Stopping reloader process [3650366]
2026-03-30 17:52:38.952 | INFO     | __main__:<module>:44 - Uvicorn stopped
2026-03-30 17:52:39.866 | INFO     | __main__:<module>:35 - Starting debug uvicorn
INFO:     Will watch for changes in these directories: ['/personal/wvpn-project/vpn']
INFO:     Uvicorn running on http://0.0.0.0:9001 (Press CTRL+C to quit)
INFO:     Started reloader process [3650684] using StatReload
INFO:     Started server process [3650733]
INFO:     Waiting for application startup.
INFO:     Application startup complete.
INFO:     Shutting down
INFO:     Waiting for application shutdown.
INFO:     Application shutdown complete.
INFO:     Finished server process [3650733]
INFO:     Stopping reloader process [3650684]
2026-03-30 17:52:59.849 | INFO     | __main__:<module>:44 - Uvicorn stopped
2026-03-30 17:53:00.735 | INFO     | __main__:<module>:35 - Starting debug uvicorn
INFO:     Will watch for changes in these directories: ['/personal/wvpn-project/vpn']
INFO:     Uvicorn running on http://0.0.0.0:9001 (Press CTRL+C to quit)
INFO:     Started reloader process [3650998] using StatReload
INFO:     Started server process [3651045]
INFO:     Waiting for application startup.
INFO:     Application startup complete.
INFO:     Shutting down
INFO:     Waiting for application shutdown.
INFO:     Application shutdown complete.
INFO:     Finished server process [3651045]
INFO:     Stopping reloader process [3650998]
2026-03-30 17:53:20.752 | INFO     | __main__:<module>:44 - Uvicorn stopped
2026-03-30 17:53:21.640 | INFO     | __main__:<module>:35 - Starting debug uvicorn
INFO:     Will watch for changes in these directories: ['/personal/wvpn-project/vpn']
INFO:     Uvicorn running on http://0.0.0.0:9001 (Press CTRL+C to quit)
INFO:     Started reloader process [3651328] using StatReload
INFO:     Started server process [3651365]
INFO:     Waiting for application startup.
INFO:     Application startup complete.
INFO:     Shutting down
INFO:     Waiting for application shutdown.
INFO:     Application shutdown complete.
INFO:     Finished server process [3651365]
INFO:     Stopping reloader process [3651328]
2026-03-30 17:53:41.620 | INFO     | __main__:<module>:44 - Uvicorn stopped
2026-03-30 17:53:42.375 | INFO     | __main__:<module>:35 - Starting debug uvicorn
INFO:     Will watch for changes in these directories: ['/personal/wvpn-project/vpn']
INFO:     Uvicorn running on http://0.0.0.0:9001 (Press CTRL+C to quit)
INFO:     Started reloader process [3651644] using StatReload
INFO:     Started server process [3651655]
INFO:     Waiting for application startup.
INFO:     Application startup complete.
INFO:     Shutting down
INFO:     Waiting for application shutdown.
INFO:     Application shutdown complete.
INFO:     Finished server process [3651655]
INFO:     Stopping reloader process [3651644]
2026-03-30 17:54:02.543 | INFO     | __main__:<module>:44 - Uvicorn stopped
2026-03-30 17:54:03.288 | INFO     | __main__:<module>:35 - Starting debug uvicorn
INFO:     Will watch for changes in these directories: ['/personal/wvpn-project/vpn']
INFO:     Uvicorn running on http://0.0.0.0:9001 (Press CTRL+C to quit)
INFO:     Started reloader process [3651963] using StatReload
INFO:     Started server process [3651974]
INFO:     Waiting for application startup.
INFO:     Application startup complete.
INFO:     Shutting down
INFO:     Waiting for application shutdown.
INFO:     Application shutdown complete.
INFO:     Finished server process [3651974]
INFO:     Stopping reloader process [3651963]
2026-03-30 17:54:23.423 | INFO     | __main__:<module>:44 - Uvicorn stopped
2026-03-30 17:54:24.498 | INFO     | __main__:<module>:35 - Starting debug uvicorn
INFO:     Will watch for changes in these directories: ['/personal/wvpn-project/vpn']
INFO:     Uvicorn running on http://0.0.0.0:9001 (Press CTRL+C to quit)
INFO:     Started reloader process [3652278] using StatReload
INFO:     Started server process [3652317]
INFO:     Waiting for application startup.
INFO:     Application startup complete.
INFO:     Shutting down
INFO:     Waiting for application shutdown.
INFO:     Application shutdown complete.
INFO:     Finished server process [3652317]
INFO:     Stopping reloader process [3652278]
2026-03-30 17:54:44.287 | INFO     | __main__:<module>:44 - Uvicorn stopped
2026-03-30 17:54:45.159 | INFO     | __main__:<module>:35 - Starting debug uvicorn
INFO:     Will watch for changes in these directories: ['/personal/wvpn-project/vpn']
INFO:     Uvicorn running on http://0.0.0.0:9001 (Press CTRL+C to quit)
INFO:     Started reloader process [3652592] using StatReload
INFO:     Started server process [3652605]
INFO:     Waiting for application startup.
INFO:     Application startup complete.
INFO:     Shutting down
INFO:     Waiting for application shutdown.
INFO:     Application shutdown complete.
INFO:     Finished server process [3652605]
INFO:     Stopping reloader process [3652592]
2026-03-30 17:55:05.219 | INFO     | __main__:<module>:44 - Uvicorn stopped
2026-03-30 17:55:06.045 | INFO     | __main__:<module>:35 - Starting debug uvicorn
INFO:     Will watch for changes in these directories: ['/personal/wvpn-project/vpn']
INFO:     Uvicorn running on http://0.0.0.0:9001 (Press CTRL+C to quit)
INFO:     Started reloader process [3652911] using StatReload
INFO:     Started server process [3652942]
INFO:     Waiting for application startup.
INFO:     Application startup complete.
INFO:     Shutting down
INFO:     Waiting for application shutdown.
INFO:     Application shutdown complete.
INFO:     Finished server process [3652942]
INFO:     Stopping reloader process [3652911]
2026-03-30 17:55:26.073 | INFO     | __main__:<module>:44 - Uvicorn stopped
2026-03-30 17:55:27.035 | INFO     | __main__:<module>:35 - Starting debug uvicorn
INFO:     Will watch for changes in these directories: ['/personal/wvpn-project/vpn']
INFO:     Uvicorn running on http://0.0.0.0:9001 (Press CTRL+C to quit)
INFO:     Started reloader process [3653246] using StatReload
INFO:     Started server process [3653282]
INFO:     Waiting for application startup.
INFO:     Application startup complete.
INFO:     Shutting down
INFO:     Waiting for application shutdown.
INFO:     Application shutdown complete.
INFO:     Finished server process [3653282]
INFO:     Stopping reloader process [3653246]
2026-03-30 17:55:47.072 | INFO     | __main__:<module>:44 - Uvicorn stopped
2026-03-30 17:55:47.958 | INFO     | __main__:<module>:35 - Starting debug uvicorn
INFO:     Will watch for changes in these directories: ['/personal/wvpn-project/vpn']
INFO:     Uvicorn running on http://0.0.0.0:9001 (Press CTRL+C to quit)
INFO:     Started reloader process [3653563] using StatReload
INFO:     Started server process [3653597]
INFO:     Waiting for application startup.
INFO:     Application startup complete.
INFO:     Shutting down
INFO:     Waiting for application shutdown.
INFO:     Application shutdown complete.
INFO:     Finished server process [3653597]
INFO:     Stopping reloader process [3653563]
2026-03-30 17:56:07.990 | INFO     | __main__:<module>:44 - Uvicorn stopped
2026-03-30 17:56:08.941 | INFO     | __main__:<module>:35 - Starting debug uvicorn
INFO:     Will watch for changes in these directories: ['/personal/wvpn-project/vpn']
INFO:     Uvicorn running on http://0.0.0.0:9001 (Press CTRL+C to quit)
INFO:     Started reloader process [3653882] using StatReload
INFO:     Started server process [3653918]
INFO:     Waiting for application startup.
INFO:     Application startup complete.
INFO:     Shutting down
INFO:     Waiting for application shutdown.
INFO:     Application shutdown complete.
INFO:     Finished server process [3653918]
INFO:     Stopping reloader process [3653882]
2026-03-30 17:56:28.918 | INFO     | __main__:<module>:44 - Uvicorn stopped
2026-03-30 17:56:29.694 | INFO     | __main__:<module>:35 - Starting debug uvicorn
INFO:     Will watch for changes in these directories: ['/personal/wvpn-project/vpn']
INFO:     Uvicorn running on http://0.0.0.0:9001 (Press CTRL+C to quit)
INFO:     Started reloader process [3654199] using StatReload
INFO:     Started server process [3654230]
INFO:     Waiting for application startup.
INFO:     Application startup complete.
INFO:     Shutting down
INFO:     Waiting for application shutdown.
INFO:     Application shutdown complete.
INFO:     Finished server process [3654230]
INFO:     Stopping reloader process [3654199]
2026-03-30 17:56:49.730 | INFO     | __main__:<module>:44 - Uvicorn stopped
2026-03-30 17:56:50.510 | INFO     | __main__:<module>:35 - Starting debug uvicorn
INFO:     Will watch for changes in these directories: ['/personal/wvpn-project/vpn']
INFO:     Uvicorn running on http://0.0.0.0:9001 (Press CTRL+C to quit)
INFO:     Started reloader process [3654512] using StatReload
INFO:     Started server process [3654525]
INFO:     Waiting for application startup.
INFO:     Application startup complete.
INFO:     Shutting down
INFO:     Waiting for application shutdown.
INFO:     Application shutdown complete.
INFO:     Finished server process [3654525]
INFO:     Stopping reloader process [3654512]
2026-03-30 17:57:10.645 | INFO     | __main__:<module>:44 - Uvicorn stopped
2026-03-30 17:57:11.532 | INFO     | __main__:<module>:35 - Starting debug uvicorn
INFO:     Will watch for changes in these directories: ['/personal/wvpn-project/vpn']
INFO:     Uvicorn running on http://0.0.0.0:9001 (Press CTRL+C to quit)
INFO:     Started reloader process [3654833] using StatReload
INFO:     Started server process [3654865]
INFO:     Waiting for application startup.
INFO:     Application startup complete.
INFO:     Shutting down
INFO:     Waiting for application shutdown.
INFO:     Application shutdown complete.
INFO:     Finished server process [3654865]
INFO:     Stopping reloader process [3654833]
2026-03-30 17:57:31.625 | INFO     | __main__:<module>:44 - Uvicorn stopped
2026-03-30 17:57:32.391 | INFO     | __main__:<module>:35 - Starting debug uvicorn
INFO:     Will watch for changes in these directories: ['/personal/wvpn-project/vpn']
INFO:     Uvicorn running on http://0.0.0.0:9001 (Press CTRL+C to quit)
INFO:     Started reloader process [3655158] using StatReload
INFO:     Started server process [3655188]
INFO:     Waiting for application startup.
INFO:     Application startup complete.
INFO:     Shutting down
INFO:     Waiting for application shutdown.
INFO:     Application shutdown complete.
INFO:     Finished server process [3655188]
INFO:     Stopping reloader process [3655158]
2026-03-30 17:57:52.645 | INFO     | __main__:<module>:44 - Uvicorn stopped
2026-03-30 17:57:53.547 | INFO     | __main__:<module>:35 - Starting debug uvicorn
INFO:     Will watch for changes in these directories: ['/personal/wvpn-project/vpn']
INFO:     Uvicorn running on http://0.0.0.0:9001 (Press CTRL+C to quit)
INFO:     Started reloader process [3655492] using StatReload
INFO:     Started server process [3655528]
INFO:     Waiting for application startup.
INFO:     Application startup complete.
INFO:     Shutting down
INFO:     Waiting for application shutdown.
INFO:     Application shutdown complete.
INFO:     Finished server process [3655528]
INFO:     Stopping reloader process [3655492]
2026-03-30 17:58:13.472 | INFO     | __main__:<module>:44 - Uvicorn stopped
2026-03-30 17:58:14.479 | INFO     | __main__:<module>:35 - Starting debug uvicorn
INFO:     Will watch for changes in these directories: ['/personal/wvpn-project/vpn']
INFO:     Uvicorn running on http://0.0.0.0:9001 (Press CTRL+C to quit)
INFO:     Started reloader process [3655810] using StatReload
INFO:     Started server process [3655848]
INFO:     Waiting for application startup.
INFO:     Application startup complete.
INFO:     Shutting down
INFO:     Waiting for application shutdown.
INFO:     Application shutdown complete.
INFO:     Finished server process [3655848]
INFO:     Stopping reloader process [3655810]
2026-03-30 17:58:34.317 | INFO     | __main__:<module>:44 - Uvicorn stopped
2026-03-30 17:58:35.205 | INFO     | __main__:<module>:35 - Starting debug uvicorn
INFO:     Will watch for changes in these directories: ['/personal/wvpn-project/vpn']
INFO:     Uvicorn running on http://0.0.0.0:9001 (Press CTRL+C to quit)
INFO:     Started reloader process [3656129] using StatReload
INFO:     Started server process [3656165]
INFO:     Waiting for application startup.
INFO:     Application startup complete.
INFO:     Shutting down
INFO:     Waiting for application shutdown.
INFO:     Application shutdown complete.
INFO:     Finished server process [3656165]
INFO:     Stopping reloader process [3656129]
2026-03-30 17:58:55.219 | INFO     | __main__:<module>:44 - Uvicorn stopped
2026-03-30 17:58:56.123 | INFO     | __main__:<module>:35 - Starting debug uvicorn
INFO:     Will watch for changes in these directories: ['/personal/wvpn-project/vpn']
INFO:     Uvicorn running on http://0.0.0.0:9001 (Press CTRL+C to quit)
INFO:     Started reloader process [3656446] using StatReload
INFO:     Started server process [3656482]
INFO:     Waiting for application startup.
INFO:     Application startup complete.
INFO:     Shutting down
INFO:     Waiting for application shutdown.
INFO:     Application shutdown complete.
INFO:     Finished server process [3656482]
INFO:     Stopping reloader process [3656446]
2026-03-30 17:59:16.094 | INFO     | __main__:<module>:44 - Uvicorn stopped
2026-03-30 17:59:16.961 | INFO     | __main__:<module>:35 - Starting debug uvicorn
INFO:     Will watch for changes in these directories: ['/personal/wvpn-project/vpn']
INFO:     Uvicorn running on http://0.0.0.0:9001 (Press CTRL+C to quit)
INFO:     Started reloader process [3656767] using StatReload
INFO:     Started server process [3656798]
INFO:     Waiting for application startup.
INFO:     Application startup complete.
INFO:     Shutting down
INFO:     Waiting for application shutdown.
INFO:     Application shutdown complete.
INFO:     Finished server process [3656798]
INFO:     Stopping reloader process [3656767]
2026-03-30 17:59:37.073 | INFO     | __main__:<module>:44 - Uvicorn stopped
2026-03-30 17:59:38.183 | INFO     | __main__:<module>:35 - Starting debug uvicorn
INFO:     Will watch for changes in these directories: ['/personal/wvpn-project/vpn']
INFO:     Uvicorn running on http://0.0.0.0:9001 (Press CTRL+C to quit)
INFO:     Started reloader process [3657085] using StatReload
INFO:     Started server process [3657141]
INFO:     Waiting for application startup.
INFO:     Application startup complete.
INFO:     Shutting down
INFO:     Waiting for application shutdown.
INFO:     Application shutdown complete.
INFO:     Finished server process [3657141]
INFO:     Stopping reloader process [3657085]
2026-03-30 17:59:58.222 | INFO     | __main__:<module>:44 - Uvicorn stopped
2026-03-30 17:59:59.150 | INFO     | __main__:<module>:35 - Starting debug uvicorn
INFO:     Will watch for changes in these directories: ['/personal/wvpn-project/vpn']
INFO:     Uvicorn running on http://0.0.0.0:9001 (Press CTRL+C to quit)
INFO:     Started reloader process [3657428] using StatReload
INFO:     Started server process [3657464]
INFO:     Waiting for application startup.
INFO:     Application startup complete.
INFO:     Shutting down
INFO:     Waiting for application shutdown.
INFO:     Application shutdown complete.
INFO:     Finished server process [3657464]
INFO:     Stopping reloader process [3657428]
2026-03-30 18:00:19.336 | INFO     | __main__:<module>:44 - Uvicorn stopped
2026-03-30 18:00:20.298 | INFO     | __main__:<module>:35 - Starting debug uvicorn
INFO:     Will watch for changes in these directories: ['/personal/wvpn-project/vpn']
INFO:     Uvicorn running on http://0.0.0.0:9001 (Press CTRL+C to quit)
INFO:     Started reloader process [3657744] using StatReload
INFO:     Started server process [3657782]
INFO:     Waiting for application startup.
INFO:     Application startup complete.
INFO:     Shutting down
INFO:     Waiting for application shutdown.
INFO:     Application shutdown complete.
INFO:     Finished server process [3657782]
INFO:     Stopping reloader process [3657744]
2026-03-30 18:00:40.187 | INFO     | __main__:<module>:44 - Uvicorn stopped
2026-03-30 18:00:41.070 | INFO     | __main__:<module>:35 - Starting debug uvicorn
INFO:     Will watch for changes in these directories: ['/personal/wvpn-project/vpn']
INFO:     Uvicorn running on http://0.0.0.0:9001 (Press CTRL+C to quit)
INFO:     Started reloader process [3658059] using StatReload
INFO:     Started server process [3658091]
INFO:     Waiting for application startup.
INFO:     Application startup complete.
INFO:     Shutting down
INFO:     Waiting for application shutdown.
INFO:     Application shutdown complete.
INFO:     Finished server process [3658091]
INFO:     Stopping reloader process [3658059]
2026-03-30 18:01:00.958 | INFO     | __main__:<module>:44 - Uvicorn stopped
2026-03-30 18:01:01.869 | INFO     | __main__:<module>:35 - Starting debug uvicorn
INFO:     Will watch for changes in these directories: ['/personal/wvpn-project/vpn']
INFO:     Uvicorn running on http://0.0.0.0:9001 (Press CTRL+C to quit)
INFO:     Started reloader process [3658377] using StatReload
INFO:     Started server process [3658410]
INFO:     Waiting for application startup.
INFO:     Application startup complete.
INFO:     Shutting down
INFO:     Waiting for application shutdown.
INFO:     Application shutdown complete.
INFO:     Finished server process [3658410]
INFO:     Stopping reloader process [3658377]
2026-03-30 18:01:21.843 | INFO     | __main__:<module>:44 - Uvicorn stopped
2026-03-30 18:01:22.708 | INFO     | __main__:<module>:35 - Starting debug uvicorn
INFO:     Will watch for changes in these directories: ['/personal/wvpn-project/vpn']
INFO:     Uvicorn running on http://0.0.0.0:9001 (Press CTRL+C to quit)
INFO:     Started reloader process [3658698] using StatReload
INFO:     Started server process [3658730]
INFO:     Waiting for application startup.
INFO:     Application startup complete.
INFO:     Shutting down
INFO:     Waiting for application shutdown.
INFO:     Application shutdown complete.
INFO:     Finished server process [3658730]
INFO:     Stopping reloader process [3658698]
2026-03-30 18:01:42.853 | INFO     | __main__:<module>:44 - Uvicorn stopped
2026-03-30 18:01:43.708 | INFO     | __main__:<module>:35 - Starting debug uvicorn
INFO:     Will watch for changes in these directories: ['/personal/wvpn-project/vpn']
INFO:     Uvicorn running on http://0.0.0.0:9001 (Press CTRL+C to quit)
INFO:     Started reloader process [3659013] using StatReload
INFO:     Started server process [3659046]
INFO:     Waiting for application startup.
INFO:     Application startup complete.
INFO:     Shutting down
INFO:     Waiting for application shutdown.
INFO:     Application shutdown complete.
INFO:     Finished server process [3659046]
INFO:     Stopping reloader process [3659013]
2026-03-30 18:02:03.801 | INFO     | __main__:<module>:44 - Uvicorn stopped
2026-03-30 18:02:04.746 | INFO     | __main__:<module>:35 - Starting debug uvicorn
INFO:     Will watch for changes in these directories: ['/personal/wvpn-project/vpn']
INFO:     Uvicorn running on http://0.0.0.0:9001 (Press CTRL+C to quit)
INFO:     Started reloader process [3659330] using StatReload
INFO:     Started server process [3659383]
INFO:     Waiting for application startup.
INFO:     Application startup complete.
INFO:     Shutting down
INFO:     Waiting for application shutdown.
INFO:     Application shutdown complete.
INFO:     Finished server process [3659383]
INFO:     Stopping reloader process [3659330]
2026-03-30 18:02:24.667 | INFO     | __main__:<module>:44 - Uvicorn stopped
2026-03-30 18:02:25.647 | INFO     | __main__:<module>:35 - Starting debug uvicorn
INFO:     Will watch for changes in these directories: ['/personal/wvpn-project/vpn']
INFO:     Uvicorn running on http://0.0.0.0:9001 (Press CTRL+C to quit)
INFO:     Started reloader process [3659662] using StatReload
INFO:     Started server process [3659698]
INFO:     Waiting for application startup.
INFO:     Application startup complete.
INFO:     Shutting down
INFO:     Waiting for application shutdown.
INFO:     Application shutdown complete.
INFO:     Finished server process [3659698]
INFO:     Stopping reloader process [3659662]
2026-03-30 18:02:45.696 | INFO     | __main__:<module>:44 - Uvicorn stopped
2026-03-30 18:02:46.668 | INFO     | __main__:<module>:35 - Starting debug uvicorn
INFO:     Will watch for changes in these directories: ['/personal/wvpn-project/vpn']
INFO:     Uvicorn running on http://0.0.0.0:9001 (Press CTRL+C to quit)
INFO:     Started reloader process [3659981] using StatReload
INFO:     Started server process [3660019]
INFO:     Waiting for application startup.
INFO:     Application startup complete.
INFO:     Shutting down
INFO:     Waiting for application shutdown.
INFO:     Application shutdown complete.
INFO:     Finished server process [3660019]
INFO:     Stopping reloader process [3659981]
2026-03-30 18:03:06.632 | INFO     | __main__:<module>:44 - Uvicorn stopped
2026-03-30 18:03:07.580 | INFO     | __main__:<module>:35 - Starting debug uvicorn
INFO:     Will watch for changes in these directories: ['/personal/wvpn-project/vpn']
INFO:     Uvicorn running on http://0.0.0.0:9001 (Press CTRL+C to quit)
INFO:     Started reloader process [3660300] using StatReload
INFO:     Started server process [3660337]
INFO:     Waiting for application startup.
INFO:     Application startup complete.
INFO:     Shutting down
INFO:     Waiting for application shutdown.
INFO:     Application shutdown complete.
INFO:     Finished server process [3660337]
INFO:     Stopping reloader process [3660300]
2026-03-30 18:03:27.521 | INFO     | __main__:<module>:44 - Uvicorn stopped
2026-03-30 18:03:28.436 | INFO     | __main__:<module>:35 - Starting debug uvicorn
INFO:     Will watch for changes in these directories: ['/personal/wvpn-project/vpn']
INFO:     Uvicorn running on http://0.0.0.0:9001 (Press CTRL+C to quit)
INFO:     Started reloader process [3660616] using StatReload
INFO:     Started server process [3660656]
INFO:     Waiting for application startup.
INFO:     Application startup complete.
INFO:     Shutting down
INFO:     Waiting for application shutdown.
INFO:     Application shutdown complete.
INFO:     Finished server process [3660656]
INFO:     Stopping reloader process [3660616]
2026-03-30 18:03:48.298 | INFO     | __main__:<module>:44 - Uvicorn stopped
2026-03-30 18:03:49.106 | INFO     | __main__:<module>:35 - Starting debug uvicorn
INFO:     Will watch for changes in these directories: ['/personal/wvpn-project/vpn']
INFO:     Uvicorn running on http://0.0.0.0:9001 (Press CTRL+C to quit)
INFO:     Started reloader process [3660932] using StatReload
INFO:     Started server process [3660963]
INFO:     Waiting for application startup.
INFO:     Application startup complete.
INFO:     Shutting down
INFO:     Waiting for application shutdown.
INFO:     Application shutdown complete.
INFO:     Finished server process [3660963]
INFO:     Stopping reloader process [3660932]
2026-03-30 18:04:09.192 | INFO     | __main__:<module>:44 - Uvicorn stopped
2026-03-30 18:04:10.004 | INFO     | __main__:<module>:35 - Starting debug uvicorn
INFO:     Will watch for changes in these directories: ['/personal/wvpn-project/vpn']
INFO:     Uvicorn running on http://0.0.0.0:9001 (Press CTRL+C to quit)
INFO:     Started reloader process [3661252] using StatReload
INFO:     Started server process [3661284]
INFO:     Waiting for application startup.
INFO:     Application startup complete.
INFO:     Shutting down
INFO:     Waiting for application shutdown.
INFO:     Application shutdown complete.
INFO:     Finished server process [3661284]
INFO:     Stopping reloader process [3661252]
2026-03-30 18:04:30.125 | INFO     | __main__:<module>:44 - Uvicorn stopped
2026-03-30 18:04:31.151 | INFO     | __main__:<module>:35 - Starting debug uvicorn
INFO:     Will watch for changes in these directories: ['/personal/wvpn-project/vpn']
INFO:     Uvicorn running on http://0.0.0.0:9001 (Press CTRL+C to quit)
INFO:     Started reloader process [3661567] using StatReload
INFO:     Started server process [3661626]
INFO:     Waiting for application startup.
INFO:     Application startup complete.
INFO:     Shutting down
INFO:     Waiting for application shutdown.
INFO:     Application shutdown complete.
INFO:     Finished server process [3661626]
INFO:     Stopping reloader process [3661567]
2026-03-30 18:04:51.048 | INFO     | __main__:<module>:44 - Uvicorn stopped
2026-03-30 18:04:51.983 | INFO     | __main__:<module>:35 - Starting debug uvicorn
INFO:     Will watch for changes in these directories: ['/personal/wvpn-project/vpn']
INFO:     Uvicorn running on http://0.0.0.0:9001 (Press CTRL+C to quit)
INFO:     Started reloader process [3661910] using StatReload
INFO:     Started server process [3661942]
INFO:     Waiting for application startup.
INFO:     Application startup complete.
INFO:     Shutting down
INFO:     Waiting for application shutdown.
INFO:     Application shutdown complete.
INFO:     Finished server process [3661942]
INFO:     Stopping reloader process [3661910]
2026-03-30 18:05:11.968 | INFO     | __main__:<module>:44 - Uvicorn stopped
2026-03-30 18:05:12.972 | INFO     | __main__:<module>:35 - Starting debug uvicorn
INFO:     Will watch for changes in these directories: ['/personal/wvpn-project/vpn']
INFO:     Uvicorn running on http://0.0.0.0:9001 (Press CTRL+C to quit)
INFO:     Started reloader process [3662231] using StatReload
INFO:     Started server process [3662268]
INFO:     Waiting for application startup.
INFO:     Application startup complete.
INFO:     Shutting down
INFO:     Waiting for application shutdown.
INFO:     Application shutdown complete.
INFO:     Finished server process [3662268]
INFO:     Stopping reloader process [3662231]
2026-03-30 18:05:32.939 | INFO     | __main__:<module>:44 - Uvicorn stopped
2026-03-30 18:05:33.923 | INFO     | __main__:<module>:35 - Starting debug uvicorn
INFO:     Will watch for changes in these directories: ['/personal/wvpn-project/vpn']
INFO:     Uvicorn running on http://0.0.0.0:9001 (Press CTRL+C to quit)
INFO:     Started reloader process [3662556] using StatReload
INFO:     Started server process [3662592]
INFO:     Waiting for application startup.
INFO:     Application startup complete.
INFO:     Shutting down
INFO:     Waiting for application shutdown.
INFO:     Application shutdown complete.
INFO:     Finished server process [3662592]
INFO:     Stopping reloader process [3662556]
2026-03-30 18:05:53.932 | INFO     | __main__:<module>:44 - Uvicorn stopped
2026-03-30 18:05:54.829 | INFO     | __main__:<module>:35 - Starting debug uvicorn
INFO:     Will watch for changes in these directories: ['/personal/wvpn-project/vpn']
INFO:     Uvicorn running on http://0.0.0.0:9001 (Press CTRL+C to quit)
INFO:     Started reloader process [3662870] using StatReload
INFO:     Started server process [3662902]
INFO:     Waiting for application startup.
INFO:     Application startup complete.
INFO:     Shutting down
INFO:     Waiting for application shutdown.
INFO:     Application shutdown complete.
INFO:     Finished server process [3662902]
INFO:     Stopping reloader process [3662870]
2026-03-30 18:06:14.875 | INFO     | __main__:<module>:44 - Uvicorn stopped
2026-03-30 18:06:15.768 | INFO     | __main__:<module>:35 - Starting debug uvicorn
INFO:     Will watch for changes in these directories: ['/personal/wvpn-project/vpn']
INFO:     Uvicorn running on http://0.0.0.0:9001 (Press CTRL+C to quit)
INFO:     Started reloader process [3663189] using StatReload
INFO:     Started server process [3663225]
INFO:     Waiting for application startup.
INFO:     Application startup complete.
INFO:     Shutting down
INFO:     Waiting for application shutdown.
INFO:     Application shutdown complete.
INFO:     Finished server process [3663225]
INFO:     Stopping reloader process [3663189]
2026-03-30 18:06:35.696 | INFO     | __main__:<module>:44 - Uvicorn stopped
2026-03-30 18:06:36.496 | INFO     | __main__:<module>:35 - Starting debug uvicorn
INFO:     Will watch for changes in these directories: ['/personal/wvpn-project/vpn']
INFO:     Uvicorn running on http://0.0.0.0:9001 (Press CTRL+C to quit)
INFO:     Started reloader process [3663504] using StatReload
INFO:     Started server process [3663554]
INFO:     Waiting for application startup.
INFO:     Application startup complete.
INFO:     Shutting down
INFO:     Waiting for application shutdown.
INFO:     Application shutdown complete.
INFO:     Finished server process [3663554]
INFO:     Stopping reloader process [3663504]
2026-03-30 18:06:56.671 | INFO     | __main__:<module>:44 - Uvicorn stopped
2026-03-30 18:06:57.641 | INFO     | __main__:<module>:35 - Starting debug uvicorn
INFO:     Will watch for changes in these directories: ['/personal/wvpn-project/vpn']
INFO:     Uvicorn running on http://0.0.0.0:9001 (Press CTRL+C to quit)
INFO:     Started reloader process [3663841] using StatReload
INFO:     Started server process [3663882]
INFO:     Waiting for application startup.
INFO:     Application startup complete.
INFO:     Shutting down
INFO:     Waiting for application shutdown.
INFO:     Application shutdown complete.
INFO:     Finished server process [3663882]
INFO:     Stopping reloader process [3663841]
2026-03-30 18:07:17.646 | INFO     | __main__:<module>:44 - Uvicorn stopped
2026-03-30 18:07:18.375 | INFO     | __main__:<module>:35 - Starting debug uvicorn
INFO:     Will watch for changes in these directories: ['/personal/wvpn-project/vpn']
INFO:     Uvicorn running on http://0.0.0.0:9001 (Press CTRL+C to quit)
INFO:     Started reloader process [3664164] using StatReload
INFO:     Started server process [3664177]
INFO:     Waiting for application startup.
INFO:     Application startup complete.
INFO:     Shutting down
INFO:     Waiting for application shutdown.
INFO:     Application shutdown complete.
INFO:     Finished server process [3664177]
INFO:     Stopping reloader process [3664164]
2026-03-30 18:07:38.535 | INFO     | __main__:<module>:44 - Uvicorn stopped
2026-03-30 18:07:39.408 | INFO     | __main__:<module>:35 - Starting debug uvicorn
INFO:     Will watch for changes in these directories: ['/personal/wvpn-project/vpn']
INFO:     Uvicorn running on http://0.0.0.0:9001 (Press CTRL+C to quit)
INFO:     Started reloader process [3664480] using StatReload
INFO:     Started server process [3664518]
INFO:     Waiting for application startup.
INFO:     Application startup complete.
INFO:     Shutting down
INFO:     Waiting for application shutdown.
INFO:     Application shutdown complete.
INFO:     Finished server process [3664518]
INFO:     Stopping reloader process [3664480]
2026-03-30 18:07:59.339 | INFO     | __main__:<module>:44 - Uvicorn stopped
2026-03-30 18:08:00.392 | INFO     | __main__:<module>:35 - Starting debug uvicorn
INFO:     Will watch for changes in these directories: ['/personal/wvpn-project/vpn']
INFO:     Uvicorn running on http://0.0.0.0:9001 (Press CTRL+C to quit)
INFO:     Started reloader process [3664801] using StatReload
INFO:     Started server process [3664837]
INFO:     Waiting for application startup.
INFO:     Application startup complete.
INFO:     Shutting down
INFO:     Waiting for application shutdown.
INFO:     Application shutdown complete.
INFO:     Finished server process [3664837]
INFO:     Stopping reloader process [3664801]
2026-03-30 18:08:20.409 | INFO     | __main__:<module>:44 - Uvicorn stopped
2026-03-30 18:08:21.382 | INFO     | __main__:<module>:35 - Starting debug uvicorn
INFO:     Will watch for changes in these directories: ['/personal/wvpn-project/vpn']
INFO:     Uvicorn running on http://0.0.0.0:9001 (Press CTRL+C to quit)
INFO:     Started reloader process [3665118] using StatReload
INFO:     Started server process [3665155]
INFO:     Waiting for application startup.
INFO:     Application startup complete.
INFO:     Shutting down
INFO:     Waiting for application shutdown.
INFO:     Application shutdown complete.
INFO:     Finished server process [3665155]
INFO:     Stopping reloader process [3665118]
2026-03-30 18:08:41.340 | INFO     | __main__:<module>:44 - Uvicorn stopped
2026-03-30 18:08:42.249 | INFO     | __main__:<module>:35 - Starting debug uvicorn
INFO:     Will watch for changes in these directories: ['/personal/wvpn-project/vpn']
INFO:     Uvicorn running on http://0.0.0.0:9001 (Press CTRL+C to quit)
INFO:     Started reloader process [3665437] using StatReload
INFO:     Started server process [3665470]
INFO:     Waiting for application startup.
INFO:     Application startup complete.
INFO:     Shutting down
INFO:     Waiting for application shutdown.
INFO:     Application shutdown complete.
INFO:     Finished server process [3665470]
INFO:     Stopping reloader process [3665437]
2026-03-30 18:09:02.177 | INFO     | __main__:<module>:44 - Uvicorn stopped
2026-03-30 18:09:03.109 | INFO     | __main__:<module>:35 - Starting debug uvicorn
INFO:     Will watch for changes in these directories: ['/personal/wvpn-project/vpn']
INFO:     Uvicorn running on http://0.0.0.0:9001 (Press CTRL+C to quit)
INFO:     Started reloader process [3665753] using StatReload
INFO:     Started server process [3665806]
INFO:     Waiting for application startup.
INFO:     Application startup complete.
INFO:     Shutting down
INFO:     Waiting for application shutdown.
INFO:     Application shutdown complete.
INFO:     Finished server process [3665806]
INFO:     Stopping reloader process [3665753]
2026-03-30 18:09:22.964 | INFO     | __main__:<module>:44 - Uvicorn stopped
2026-03-30 18:09:23.926 | INFO     | __main__:<module>:35 - Starting debug uvicorn
INFO:     Will watch for changes in these directories: ['/personal/wvpn-project/vpn']
INFO:     Uvicorn running on http://0.0.0.0:9001 (Press CTRL+C to quit)
INFO:     Started reloader process [3666084] using StatReload
INFO:     Started server process [3666120]
INFO:     Waiting for application startup.
INFO:     Application startup complete.
INFO:     Shutting down
INFO:     Waiting for application shutdown.
INFO:     Application shutdown complete.
INFO:     Finished server process [3666120]
INFO:     Stopping reloader process [3666084]
2026-03-30 18:09:43.883 | INFO     | __main__:<module>:44 - Uvicorn stopped
2026-03-30 18:09:44.704 | INFO     | __main__:<module>:35 - Starting debug uvicorn
INFO:     Will watch for changes in these directories: ['/personal/wvpn-project/vpn']
INFO:     Uvicorn running on http://0.0.0.0:9001 (Press CTRL+C to quit)
INFO:     Started reloader process [3666407] using StatReload
INFO:     Started server process [3666439]
INFO:     Waiting for application startup.
INFO:     Application startup complete.
INFO:     Shutting down
INFO:     Waiting for application shutdown.
INFO:     Application shutdown complete.
INFO:     Finished server process [3666439]
INFO:     Stopping reloader process [3666407]
2026-03-30 18:10:04.811 | INFO     | __main__:<module>:44 - Uvicorn stopped
2026-03-30 18:10:05.683 | INFO     | __main__:<module>:35 - Starting debug uvicorn
INFO:     Will watch for changes in these directories: ['/personal/wvpn-project/vpn']
INFO:     Uvicorn running on http://0.0.0.0:9001 (Press CTRL+C to quit)
INFO:     Started reloader process [3666724] using StatReload
INFO:     Started server process [3666762]
INFO:     Waiting for application startup.
INFO:     Application startup complete.
INFO:     Shutting down
INFO:     Waiting for application shutdown.
INFO:     Application shutdown complete.
INFO:     Finished server process [3666762]
INFO:     Stopping reloader process [3666724]
2026-03-30 18:10:25.548 | INFO     | __main__:<module>:44 - Uvicorn stopped
2026-03-30 18:10:26.390 | INFO     | __main__:<module>:35 - Starting debug uvicorn
INFO:     Will watch for changes in these directories: ['/personal/wvpn-project/vpn']
INFO:     Uvicorn running on http://0.0.0.0:9001 (Press CTRL+C to quit)
INFO:     Started reloader process [3667046] using StatReload
INFO:     Started server process [3667078]
INFO:     Waiting for application startup.
INFO:     Application startup complete.
INFO:     Shutting down
INFO:     Waiting for application shutdown.
INFO:     Application shutdown complete.
INFO:     Finished server process [3667078]
INFO:     Stopping reloader process [3667046]
2026-03-30 18:10:46.355 | INFO     | __main__:<module>:44 - Uvicorn stopped
2026-03-30 18:10:47.096 | INFO     | __main__:<module>:35 - Starting debug uvicorn
INFO:     Will watch for changes in these directories: ['/personal/wvpn-project/vpn']
INFO:     Uvicorn running on http://0.0.0.0:9001 (Press CTRL+C to quit)
INFO:     Started reloader process [3667369] using StatReload
INFO:     Started server process [3667385]
INFO:     Waiting for application startup.
INFO:     Application startup complete.
INFO:     Shutting down
INFO:     Waiting for application shutdown.
INFO:     Application shutdown complete.
INFO:     Finished server process [3667385]
INFO:     Stopping reloader process [3667369]
2026-03-30 18:11:07.061 | INFO     | __main__:<module>:44 - Uvicorn stopped
2026-03-30 18:11:07.844 | INFO     | __main__:<module>:35 - Starting debug uvicorn
INFO:     Will watch for changes in these directories: ['/personal/wvpn-project/vpn']
INFO:     Uvicorn running on http://0.0.0.0:9001 (Press CTRL+C to quit)
INFO:     Started reloader process [3667686] using StatReload
INFO:     Started server process [3667721]
INFO:     Waiting for application startup.
INFO:     Application startup complete.
INFO:     Shutting down
INFO:     Waiting for application shutdown.
INFO:     Application shutdown complete.
INFO:     Finished server process [3667721]
INFO:     Stopping reloader process [3667686]
2026-03-30 18:11:27.787 | INFO     | __main__:<module>:44 - Uvicorn stopped
2026-03-30 18:11:28.722 | INFO     | __main__:<module>:35 - Starting debug uvicorn
INFO:     Will watch for changes in these directories: ['/personal/wvpn-project/vpn']
INFO:     Uvicorn running on http://0.0.0.0:9001 (Press CTRL+C to quit)
INFO:     Started reloader process [3668010] using StatReload
INFO:     Started server process [3668064]
INFO:     Waiting for application startup.
INFO:     Application startup complete.
INFO:     Shutting down
INFO:     Waiting for application shutdown.
INFO:     Application shutdown complete.
INFO:     Finished server process [3668064]
INFO:     Stopping reloader process [3668010]
2026-03-30 18:11:48.605 | INFO     | __main__:<module>:44 - Uvicorn stopped
2026-03-30 18:11:49.570 | INFO     | __main__:<module>:35 - Starting debug uvicorn
INFO:     Will watch for changes in these directories: ['/personal/wvpn-project/vpn']
INFO:     Uvicorn running on http://0.0.0.0:9001 (Press CTRL+C to quit)
INFO:     Started reloader process [3668327] using StatReload
INFO:     Started server process [3668380]
INFO:     Waiting for application startup.
INFO:     Application startup complete.
INFO:     Shutting down
INFO:     Waiting for application shutdown.
INFO:     Application shutdown complete.
INFO:     Finished server process [3668380]
INFO:     Stopping reloader process [3668327]
2026-03-30 18:12:09.562 | INFO     | __main__:<module>:44 - Uvicorn stopped
2026-03-30 18:12:10.484 | INFO     | __main__:<module>:35 - Starting debug uvicorn
INFO:     Will watch for changes in these directories: ['/personal/wvpn-project/vpn']
INFO:     Uvicorn running on http://0.0.0.0:9001 (Press CTRL+C to quit)
INFO:     Started reloader process [3668662] using StatReload
INFO:     Started server process [3668699]
INFO:     Waiting for application startup.
INFO:     Application startup complete.
INFO:     Shutting down
INFO:     Waiting for application shutdown.
INFO:     Application shutdown complete.
INFO:     Finished server process [3668699]
INFO:     Stopping reloader process [3668662]
2026-03-30 18:12:30.474 | INFO     | __main__:<module>:44 - Uvicorn stopped
2026-03-30 18:12:31.295 | INFO     | __main__:<module>:35 - Starting debug uvicorn
INFO:     Will watch for changes in these directories: ['/personal/wvpn-project/vpn']
INFO:     Uvicorn running on http://0.0.0.0:9001 (Press CTRL+C to quit)
INFO:     Started reloader process [3668979] using StatReload
INFO:     Started server process [3668995]
INFO:     Waiting for application startup.
INFO:     Application startup complete.
INFO:     Shutting down
INFO:     Waiting for application shutdown.
INFO:     Application shutdown complete.
INFO:     Finished server process [3668995]
INFO:     Stopping reloader process [3668979]
2026-03-30 18:12:51.390 | INFO     | __main__:<module>:44 - Uvicorn stopped
2026-03-30 18:12:52.235 | INFO     | __main__:<module>:35 - Starting debug uvicorn
INFO:     Will watch for changes in these directories: ['/personal/wvpn-project/vpn']
INFO:     Uvicorn running on http://0.0.0.0:9001 (Press CTRL+C to quit)
INFO:     Started reloader process [3669298] using StatReload
INFO:     Started server process [3669330]
INFO:     Waiting for application startup.
INFO:     Application startup complete.
INFO:     Shutting down
INFO:     Waiting for application shutdown.
INFO:     Application shutdown complete.
INFO:     Finished server process [3669330]
INFO:     Stopping reloader process [3669298]
2026-03-30 18:13:12.377 | INFO     | __main__:<module>:44 - Uvicorn stopped
2026-03-30 18:13:13.304 | INFO     | __main__:<module>:35 - Starting debug uvicorn
INFO:     Will watch for changes in these directories: ['/personal/wvpn-project/vpn']
INFO:     Uvicorn running on http://0.0.0.0:9001 (Press CTRL+C to quit)
INFO:     Started reloader process [3669618] using StatReload
INFO:     Started server process [3669654]
INFO:     Waiting for application startup.
INFO:     Application startup complete.
INFO:     Shutting down
INFO:     Waiting for application shutdown.
INFO:     Application shutdown complete.
INFO:     Finished server process [3669654]
INFO:     Stopping reloader process [3669618]
2026-03-30 18:13:33.309 | INFO     | __main__:<module>:44 - Uvicorn stopped
2026-03-30 18:13:34.127 | INFO     | __main__:<module>:35 - Starting debug uvicorn
INFO:     Will watch for changes in these directories: ['/personal/wvpn-project/vpn']
INFO:     Uvicorn running on http://0.0.0.0:9001 (Press CTRL+C to quit)
INFO:     Started reloader process [3669940] using StatReload
INFO:     Started server process [3669972]
INFO:     Waiting for application startup.
INFO:     Application startup complete.
INFO:     Shutting down
INFO:     Waiting for application shutdown.
INFO:     Application shutdown complete.
INFO:     Finished server process [3669972]
INFO:     Stopping reloader process [3669940]
2026-03-30 18:14:18.004 | INFO     | __main__:<module>:44 - Uvicorn stopped
2026-03-30 18:14:20.017 | INFO     | __main__:<module>:35 - Starting debug uvicorn
INFO:     Will watch for changes in these directories: ['/personal/wvpn-project/vpn']
INFO:     Uvicorn running on http://0.0.0.0:9001 (Press CTRL+C to quit)
INFO:     Started reloader process [3670567] using StatReload
INFO:     Started server process [3670589]
INFO:     Waiting for application startup.
INFO:     Application startup complete.
WARNING:  Invalid HTTP request received.
INFO:     Shutting down
INFO:     Waiting for application shutdown.
INFO:     Application shutdown complete.
INFO:     Finished server process [3670589]
INFO:     Stopping reloader process [3670567]
2026-03-30 19:13:22.125 | INFO     | __main__:<module>:44 - Uvicorn stopped
2026-03-30 19:13:24.232 | INFO     | __main__:<module>:35 - Starting debug uvicorn
INFO:     Will watch for changes in these directories: ['/personal/wvpn-project/vpn']
INFO:     Uvicorn running on http://0.0.0.0:9001 (Press CTRL+C to quit)
INFO:     Started reloader process [3718671] using StatReload
INFO:     Started server process [3718708]
INFO:     Waiting for application startup.
INFO:     Application startup complete.
WARNING:  Invalid HTTP request received.
WARNING:  Invalid HTTP request received.
WARNING:  Invalid HTTP request received.
WARNING:  Invalid HTTP request received.
WARNING:  Invalid HTTP request received.
WARNING:  Invalid HTTP request received.
WARNING:  Invalid HTTP request received.
WARNING:  Invalid HTTP request received.
WARNING:  Invalid HTTP request received.
INFO:     Shutting down
INFO:     Waiting for application shutdown.
INFO:     Application shutdown complete.
INFO:     Finished server process [3718708]
INFO:     Stopping reloader process [3718671]
2026-03-30 19:53:29.073 | INFO     | __main__:<module>:44 - Uvicorn stopped
2026-03-30 19:53:30.862 | INFO     | __main__:<module>:35 - Starting debug uvicorn
INFO:     Will watch for changes in these directories: ['/personal/wvpn-project/vpn']
INFO:     Uvicorn running on http://0.0.0.0:9001 (Press CTRL+C to quit)
INFO:     Started reloader process [3751161] using StatReload
INFO:     Started server process [3751198]
INFO:     Waiting for application startup.
INFO:     Application startup complete.
INFO:     Shutting down
INFO:     Waiting for application shutdown.
INFO:     Application shutdown complete.
INFO:     Finished server process [3751198]
INFO:     Stopping reloader process [3751161]
2026-03-30 21:14:20.547 | INFO     | __main__:<module>:44 - Uvicorn stopped
2026-03-30 21:14:22.537 | INFO     | __main__:<module>:35 - Starting debug uvicorn
INFO:     Will watch for changes in these directories: ['/personal/wvpn-project/vpn']
INFO:     Uvicorn running on http://0.0.0.0:9001 (Press CTRL+C to quit)
INFO:     Started reloader process [3816162] using StatReload
INFO:     Started server process [3816193]
INFO:     Waiting for application startup.
INFO:     Application startup complete.
INFO:     Shutting down
INFO:     Waiting for application shutdown.
INFO:     Application shutdown complete.
INFO:     Finished server process [3816193]
INFO:     Stopping reloader process [3816162]
2026-03-30 21:18:11.742 | INFO     | __main__:<module>:44 - Uvicorn stopped
2026-03-30 21:18:13.341 | INFO     | __main__:<module>:35 - Starting debug uvicorn
INFO:     Will watch for changes in these directories: ['/personal/wvpn-project/vpn']
INFO:     Uvicorn running on http://0.0.0.0:9001 (Press CTRL+C to quit)
INFO:     Started reloader process [3819373] using StatReload
INFO:     Started server process [3819394]
INFO:     Waiting for application startup.
INFO:     Application startup complete.
INFO:     Shutting down
INFO:     Waiting for application shutdown.
INFO:     Application shutdown complete.
INFO:     Finished server process [3819394]
INFO:     Stopping reloader process [3819373]
2026-03-30 21:18:38.179 | INFO     | __main__:<module>:44 - Uvicorn stopped
2026-03-30 21:18:39.493 | INFO     | __main__:<module>:35 - Starting debug uvicorn
INFO:     Will watch for changes in these directories: ['/personal/wvpn-project/vpn']
INFO:     Uvicorn running on http://0.0.0.0:9001 (Press CTRL+C to quit)
INFO:     Started reloader process [3819757] using StatReload
INFO:     Started server process [3819773]
INFO:     Waiting for application startup.
INFO:     Application startup complete.
INFO:     Shutting down
INFO:     Waiting for application shutdown.
INFO:     Application shutdown complete.
INFO:     Finished server process [3819773]
INFO:     Stopping reloader process [3819757]
2026-03-30 21:26:17.741 | INFO     | __main__:<module>:44 - Uvicorn stopped
2026-03-30 21:26:19.189 | INFO     | __main__:<module>:35 - Starting debug uvicorn
INFO:     Will watch for changes in these directories: ['/personal/wvpn-project/vpn']
INFO:     Uvicorn running on http://0.0.0.0:9001 (Press CTRL+C to quit)
INFO:     Started reloader process [3826032] using StatReload
INFO:     Started server process [3826048]
INFO:     Waiting for application startup.
INFO:     Application startup complete.
INFO:     Shutting down
INFO:     Waiting for application shutdown.
INFO:     Application shutdown complete.
INFO:     Finished server process [3826048]
INFO:     Stopping reloader process [3826032]
2026-03-30 21:30:44.932 | INFO     | __main__:<module>:44 - Uvicorn stopped
2026-03-30 21:30:45.947 | INFO     | __main__:<module>:35 - Starting debug uvicorn
INFO:     Will watch for changes in these directories: ['/personal/wvpn-project/vpn']
INFO:     Uvicorn running on http://0.0.0.0:9001 (Press CTRL+C to quit)
INFO:     Started reloader process [3829784] using StatReload
INFO:     Started server process [3829800]
INFO:     Waiting for application startup.
INFO:     Application startup complete.
INFO:     Shutting down
INFO:     Waiting for application shutdown.
INFO:     Application shutdown complete.
INFO:     Finished server process [3829800]
INFO:     Stopping reloader process [3829784]
2026-03-30 21:31:06.003 | INFO     | __main__:<module>:44 - Uvicorn stopped
2026-03-30 21:31:06.763 | INFO     | __main__:<module>:35 - Starting debug uvicorn
INFO:     Will watch for changes in these directories: ['/personal/wvpn-project/vpn']
INFO:     Uvicorn running on http://0.0.0.0:9001 (Press CTRL+C to quit)
INFO:     Started reloader process [3830102] using StatReload
INFO:     Started server process [3830113]
INFO:     Waiting for application startup.
INFO:     Application startup complete.
INFO:     Shutting down
INFO:     Waiting for application shutdown.
INFO:     Application shutdown complete.
INFO:     Finished server process [3830113]
INFO:     Stopping reloader process [3830102]
2026-03-30 21:31:26.879 | INFO     | __main__:<module>:44 - Uvicorn stopped
2026-03-30 21:31:27.881 | INFO     | __main__:<module>:35 - Starting debug uvicorn
INFO:     Will watch for changes in these directories: ['/personal/wvpn-project/vpn']
INFO:     Uvicorn running on http://0.0.0.0:9001 (Press CTRL+C to quit)
INFO:     Started reloader process [3830411] using StatReload
INFO:     Started server process [3830436]
INFO:     Waiting for application startup.
INFO:     Application startup complete.
INFO:     Shutting down
INFO:     Waiting for application shutdown.
INFO:     Application shutdown complete.
INFO:     Finished server process [3830436]
INFO:     Stopping reloader process [3830411]
2026-03-30 21:31:47.890 | INFO     | __main__:<module>:44 - Uvicorn stopped
2026-03-30 21:31:48.791 | INFO     | __main__:<module>:35 - Starting debug uvicorn
INFO:     Will watch for changes in these directories: ['/personal/wvpn-project/vpn']
INFO:     Uvicorn running on http://0.0.0.0:9001 (Press CTRL+C to quit)
INFO:     Started reloader process [3830725] using StatReload
INFO:     Started server process [3830741]
INFO:     Waiting for application startup.
INFO:     Application startup complete.
INFO:     Shutting down
INFO:     Waiting for application shutdown.
INFO:     Application shutdown complete.
INFO:     Finished server process [3830741]
INFO:     Stopping reloader process [3830725]
2026-03-30 21:32:08.894 | INFO     | __main__:<module>:44 - Uvicorn stopped
2026-03-30 21:32:09.653 | INFO     | __main__:<module>:35 - Starting debug uvicorn
INFO:     Will watch for changes in these directories: ['/personal/wvpn-project/vpn']
INFO:     Uvicorn running on http://0.0.0.0:9001 (Press CTRL+C to quit)
INFO:     Started reloader process [3831034] using StatReload
INFO:     Started server process [3831045]
INFO:     Waiting for application startup.
INFO:     Application startup complete.
INFO:     Shutting down
INFO:     Waiting for application shutdown.
INFO:     Application shutdown complete.
INFO:     Finished server process [3831045]
INFO:     Stopping reloader process [3831034]
2026-03-30 21:32:29.690 | INFO     | __main__:<module>:44 - Uvicorn stopped
2026-03-30 21:32:30.706 | INFO     | __main__:<module>:35 - Starting debug uvicorn
INFO:     Will watch for changes in these directories: ['/personal/wvpn-project/vpn']
INFO:     Uvicorn running on http://0.0.0.0:9001 (Press CTRL+C to quit)
INFO:     Started reloader process [3831342] using StatReload
INFO:     Started server process [3831362]
INFO:     Waiting for application startup.
INFO:     Application startup complete.
INFO:     Shutting down
INFO:     Waiting for application shutdown.
INFO:     Application shutdown complete.
INFO:     Finished server process [3831362]
INFO:     Stopping reloader process [3831342]
2026-03-30 21:32:50.751 | INFO     | __main__:<module>:44 - Uvicorn stopped
2026-03-30 21:32:51.638 | INFO     | __main__:<module>:35 - Starting debug uvicorn
INFO:     Will watch for changes in these directories: ['/personal/wvpn-project/vpn']
INFO:     Uvicorn running on http://0.0.0.0:9001 (Press CTRL+C to quit)
INFO:     Started reloader process [3831650] using StatReload
INFO:     Started server process [3831685]
INFO:     Waiting for application startup.
INFO:     Application startup complete.
INFO:     Shutting down
INFO:     Waiting for application shutdown.
INFO:     Application shutdown complete.
INFO:     Finished server process [3831685]
INFO:     Stopping reloader process [3831650]
2026-03-30 21:33:11.767 | INFO     | __main__:<module>:44 - Uvicorn stopped
2026-03-30 21:33:12.577 | INFO     | __main__:<module>:35 - Starting debug uvicorn
INFO:     Will watch for changes in these directories: ['/personal/wvpn-project/vpn']
INFO:     Uvicorn running on http://0.0.0.0:9001 (Press CTRL+C to quit)
INFO:     Started reloader process [3831975] using StatReload
INFO:     Started server process [3831990]
INFO:     Waiting for application startup.
INFO:     Application startup complete.
INFO:     Shutting down
INFO:     Waiting for application shutdown.
INFO:     Application shutdown complete.
INFO:     Finished server process [3831990]
INFO:     Stopping reloader process [3831975]
2026-03-30 21:33:32.610 | INFO     | __main__:<module>:44 - Uvicorn stopped
2026-03-30 21:33:33.486 | INFO     | __main__:<module>:35 - Starting debug uvicorn
INFO:     Will watch for changes in these directories: ['/personal/wvpn-project/vpn']
INFO:     Uvicorn running on http://0.0.0.0:9001 (Press CTRL+C to quit)
INFO:     Started reloader process [3832290] using StatReload
INFO:     Started server process [3832310]
INFO:     Waiting for application startup.
INFO:     Application startup complete.
INFO:     Shutting down
INFO:     Waiting for application shutdown.
INFO:     Application shutdown complete.
INFO:     Finished server process [3832310]
INFO:     Stopping reloader process [3832290]
2026-03-30 21:33:53.360 | INFO     | __main__:<module>:44 - Uvicorn stopped
2026-03-30 21:33:54.244 | INFO     | __main__:<module>:35 - Starting debug uvicorn
INFO:     Will watch for changes in these directories: ['/personal/wvpn-project/vpn']
INFO:     Uvicorn running on http://0.0.0.0:9001 (Press CTRL+C to quit)
INFO:     Started reloader process [3832600] using StatReload
INFO:     Started server process [3832620]
INFO:     Waiting for application startup.
INFO:     Application startup complete.
INFO:     Shutting down
INFO:     Waiting for application shutdown.
INFO:     Application shutdown complete.
INFO:     Finished server process [3832620]
INFO:     Stopping reloader process [3832600]
2026-03-30 21:34:14.463 | INFO     | __main__:<module>:44 - Uvicorn stopped
2026-03-30 21:34:15.279 | INFO     | __main__:<module>:35 - Starting debug uvicorn
INFO:     Will watch for changes in these directories: ['/personal/wvpn-project/vpn']
INFO:     Uvicorn running on http://0.0.0.0:9001 (Press CTRL+C to quit)
INFO:     Started reloader process [3832911] using StatReload
INFO:     Started server process [3832929]
INFO:     Waiting for application startup.
INFO:     Application startup complete.
INFO:     Shutting down
INFO:     Waiting for application shutdown.
INFO:     Application shutdown complete.
INFO:     Finished server process [3832929]
INFO:     Stopping reloader process [3832911]
2026-03-30 21:34:35.324 | INFO     | __main__:<module>:44 - Uvicorn stopped
2026-03-30 21:34:36.245 | INFO     | __main__:<module>:35 - Starting debug uvicorn
INFO:     Will watch for changes in these directories: ['/personal/wvpn-project/vpn']
INFO:     Uvicorn running on http://0.0.0.0:9001 (Press CTRL+C to quit)
INFO:     Started reloader process [3833221] using StatReload
INFO:     Started server process [3833241]
INFO:     Waiting for application startup.
INFO:     Application startup complete.
INFO:     Shutting down
INFO:     Waiting for application shutdown.
INFO:     Application shutdown complete.
INFO:     Finished server process [3833241]
INFO:     Stopping reloader process [3833221]
2026-03-30 21:34:56.153 | INFO     | __main__:<module>:44 - Uvicorn stopped
2026-03-30 21:34:57.084 | INFO     | __main__:<module>:35 - Starting debug uvicorn
INFO:     Will watch for changes in these directories: ['/personal/wvpn-project/vpn']
INFO:     Uvicorn running on http://0.0.0.0:9001 (Press CTRL+C to quit)
INFO:     Started reloader process [3833530] using StatReload
INFO:     Started server process [3833564]
INFO:     Waiting for application startup.
INFO:     Application startup complete.
INFO:     Shutting down
INFO:     Waiting for application shutdown.
INFO:     Application shutdown complete.
INFO:     Finished server process [3833564]
INFO:     Stopping reloader process [3833530]
2026-03-30 21:35:17.055 | INFO     | __main__:<module>:44 - Uvicorn stopped
2026-03-30 21:35:17.873 | INFO     | __main__:<module>:35 - Starting debug uvicorn
INFO:     Will watch for changes in these directories: ['/personal/wvpn-project/vpn']
INFO:     Uvicorn running on http://0.0.0.0:9001 (Press CTRL+C to quit)
INFO:     Started reloader process [3833862] using StatReload
INFO:     Started server process [3833881]
INFO:     Waiting for application startup.
INFO:     Application startup complete.
INFO:     Shutting down
INFO:     Waiting for application shutdown.
INFO:     Application shutdown complete.
INFO:     Finished server process [3833881]
INFO:     Stopping reloader process [3833862]
2026-03-30 21:35:37.925 | INFO     | __main__:<module>:44 - Uvicorn stopped
2026-03-30 21:35:38.815 | INFO     | __main__:<module>:35 - Starting debug uvicorn
INFO:     Will watch for changes in these directories: ['/personal/wvpn-project/vpn']
INFO:     Uvicorn running on http://0.0.0.0:9001 (Press CTRL+C to quit)
INFO:     Started reloader process [3834170] using StatReload
INFO:     Started server process [3834191]
INFO:     Waiting for application startup.
INFO:     Application startup complete.
INFO:     Shutting down
INFO:     Waiting for application shutdown.
INFO:     Application shutdown complete.
INFO:     Finished server process [3834191]
INFO:     Stopping reloader process [3834170]
2026-03-30 21:35:58.791 | INFO     | __main__:<module>:44 - Uvicorn stopped
2026-03-30 21:35:59.767 | INFO     | __main__:<module>:35 - Starting debug uvicorn
INFO:     Will watch for changes in these directories: ['/personal/wvpn-project/vpn']
INFO:     Uvicorn running on http://0.0.0.0:9001 (Press CTRL+C to quit)
INFO:     Started reloader process [3834480] using StatReload
INFO:     Started server process [3834502]
INFO:     Waiting for application startup.
INFO:     Application startup complete.
INFO:     Shutting down
INFO:     Waiting for application shutdown.
INFO:     Application shutdown complete.
INFO:     Finished server process [3834502]
INFO:     Stopping reloader process [3834480]
2026-03-30 21:36:19.581 | INFO     | __main__:<module>:44 - Uvicorn stopped
2026-03-30 21:36:20.564 | INFO     | __main__:<module>:35 - Starting debug uvicorn
INFO:     Will watch for changes in these directories: ['/personal/wvpn-project/vpn']
INFO:     Uvicorn running on http://0.0.0.0:9001 (Press CTRL+C to quit)
INFO:     Started reloader process [3834789] using StatReload
INFO:     Started server process [3834809]
INFO:     Waiting for application startup.
INFO:     Application startup complete.
INFO:     Shutting down
INFO:     Waiting for application shutdown.
INFO:     Application shutdown complete.
INFO:     Finished server process [3834809]
INFO:     Stopping reloader process [3834789]
2026-03-30 21:36:40.490 | INFO     | __main__:<module>:44 - Uvicorn stopped
2026-03-30 21:36:41.394 | INFO     | __main__:<module>:35 - Starting debug uvicorn
INFO:     Will watch for changes in these directories: ['/personal/wvpn-project/vpn']
INFO:     Uvicorn running on http://0.0.0.0:9001 (Press CTRL+C to quit)
INFO:     Started reloader process [3835099] using StatReload
INFO:     Started server process [3835115]
INFO:     Waiting for application startup.
INFO:     Application startup complete.
INFO:     Shutting down
INFO:     Waiting for application shutdown.
INFO:     Application shutdown complete.
INFO:     Finished server process [3835115]
INFO:     Stopping reloader process [3835099]
2026-03-30 21:37:01.305 | INFO     | __main__:<module>:44 - Uvicorn stopped
2026-03-30 21:37:02.310 | INFO     | __main__:<module>:35 - Starting debug uvicorn
INFO:     Will watch for changes in these directories: ['/personal/wvpn-project/vpn']
INFO:     Uvicorn running on http://0.0.0.0:9001 (Press CTRL+C to quit)
INFO:     Started reloader process [3835405] using StatReload
INFO:     Started server process [3835426]
INFO:     Waiting for application startup.
INFO:     Application startup complete.
INFO:     Shutting down
INFO:     Waiting for application shutdown.
INFO:     Application shutdown complete.
INFO:     Finished server process [3835426]
INFO:     Stopping reloader process [3835405]
2026-03-30 21:37:22.181 | INFO     | __main__:<module>:44 - Uvicorn stopped
2026-03-30 21:37:23.233 | INFO     | __main__:<module>:35 - Starting debug uvicorn
INFO:     Will watch for changes in these directories: ['/personal/wvpn-project/vpn']
INFO:     Uvicorn running on http://0.0.0.0:9001 (Press CTRL+C to quit)
INFO:     Started reloader process [3835715] using StatReload
INFO:     Started server process [3835750]
INFO:     Waiting for application startup.
INFO:     Application startup complete.
INFO:     Shutting down
INFO:     Waiting for application shutdown.
INFO:     Application shutdown complete.
INFO:     Finished server process [3835750]
INFO:     Stopping reloader process [3835715]
2026-03-30 21:37:43.092 | INFO     | __main__:<module>:44 - Uvicorn stopped
2026-03-30 21:37:43.905 | INFO     | __main__:<module>:35 - Starting debug uvicorn
INFO:     Will watch for changes in these directories: ['/personal/wvpn-project/vpn']
INFO:     Uvicorn running on http://0.0.0.0:9001 (Press CTRL+C to quit)
INFO:     Started reloader process [3836020] using StatReload
INFO:     Started server process [3836056]
INFO:     Waiting for application startup.
INFO:     Application startup complete.
INFO:     Shutting down
INFO:     Waiting for application shutdown.
INFO:     Application shutdown complete.
INFO:     Finished server process [3836056]
INFO:     Stopping reloader process [3836020]
2026-03-30 21:38:04.163 | INFO     | __main__:<module>:44 - Uvicorn stopped
2026-03-30 21:38:04.985 | INFO     | __main__:<module>:35 - Starting debug uvicorn
INFO:     Will watch for changes in these directories: ['/personal/wvpn-project/vpn']
INFO:     Uvicorn running on http://0.0.0.0:9001 (Press CTRL+C to quit)
INFO:     Started reloader process [3836349] using StatReload
INFO:     Started server process [3836365]
INFO:     Waiting for application startup.
INFO:     Application startup complete.
INFO:     Shutting down
INFO:     Waiting for application shutdown.
INFO:     Application shutdown complete.
INFO:     Finished server process [3836365]
INFO:     Stopping reloader process [3836349]
2026-03-30 21:38:24.879 | INFO     | __main__:<module>:44 - Uvicorn stopped
2026-03-30 21:38:25.807 | INFO     | __main__:<module>:35 - Starting debug uvicorn
INFO:     Will watch for changes in these directories: ['/personal/wvpn-project/vpn']
INFO:     Uvicorn running on http://0.0.0.0:9001 (Press CTRL+C to quit)
INFO:     Started reloader process [3836663] using StatReload
INFO:     Started server process [3836683]
INFO:     Waiting for application startup.
INFO:     Application startup complete.
INFO:     Shutting down
INFO:     Waiting for application shutdown.
INFO:     Application shutdown complete.
INFO:     Finished server process [3836683]
INFO:     Stopping reloader process [3836663]
2026-03-30 21:38:45.724 | INFO     | __main__:<module>:44 - Uvicorn stopped
2026-03-30 21:38:46.544 | INFO     | __main__:<module>:35 - Starting debug uvicorn
INFO:     Will watch for changes in these directories: ['/personal/wvpn-project/vpn']
INFO:     Uvicorn running on http://0.0.0.0:9001 (Press CTRL+C to quit)
INFO:     Started reloader process [3836968] using StatReload
INFO:     Started server process [3836987]
INFO:     Waiting for application startup.
INFO:     Application startup complete.
INFO:     Shutting down
INFO:     Waiting for application shutdown.
INFO:     Application shutdown complete.
INFO:     Finished server process [3836987]
INFO:     Stopping reloader process [3836968]
2026-03-30 21:39:06.615 | INFO     | __main__:<module>:44 - Uvicorn stopped
2026-03-30 21:39:07.638 | INFO     | __main__:<module>:35 - Starting debug uvicorn
INFO:     Will watch for changes in these directories: ['/personal/wvpn-project/vpn']
INFO:     Uvicorn running on http://0.0.0.0:9001 (Press CTRL+C to quit)
INFO:     Started reloader process [3837276] using StatReload
INFO:     Started server process [3837297]
INFO:     Waiting for application startup.
INFO:     Application startup complete.
INFO:     Shutting down
INFO:     Waiting for application shutdown.
INFO:     Application shutdown complete.
INFO:     Finished server process [3837297]
INFO:     Stopping reloader process [3837276]
2026-03-30 21:39:27.689 | INFO     | __main__:<module>:44 - Uvicorn stopped
2026-03-30 21:39:28.588 | INFO     | __main__:<module>:35 - Starting debug uvicorn
INFO:     Will watch for changes in these directories: ['/personal/wvpn-project/vpn']
INFO:     Uvicorn running on http://0.0.0.0:9001 (Press CTRL+C to quit)
INFO:     Started reloader process [3837585] using StatReload
INFO:     Started server process [3837609]
INFO:     Waiting for application startup.
INFO:     Application startup complete.
INFO:     Shutting down
INFO:     Waiting for application shutdown.
INFO:     Application shutdown complete.
INFO:     Finished server process [3837609]
INFO:     Stopping reloader process [3837585]
2026-03-30 21:39:48.611 | INFO     | __main__:<module>:44 - Uvicorn stopped
2026-03-30 21:39:49.608 | INFO     | __main__:<module>:35 - Starting debug uvicorn
INFO:     Will watch for changes in these directories: ['/personal/wvpn-project/vpn']
INFO:     Uvicorn running on http://0.0.0.0:9001 (Press CTRL+C to quit)
INFO:     Started reloader process [3837897] using StatReload
INFO:     Started server process [3837935]
INFO:     Waiting for application startup.
INFO:     Application startup complete.
INFO:     Shutting down
INFO:     Waiting for application shutdown.
INFO:     Application shutdown complete.
INFO:     Finished server process [3837935]
INFO:     Stopping reloader process [3837897]
2026-03-30 21:40:09.645 | INFO     | __main__:<module>:44 - Uvicorn stopped
2026-03-30 21:40:10.658 | INFO     | __main__:<module>:35 - Starting debug uvicorn
INFO:     Will watch for changes in these directories: ['/personal/wvpn-project/vpn']
INFO:     Uvicorn running on http://0.0.0.0:9001 (Press CTRL+C to quit)
INFO:     Started reloader process [3838230] using StatReload
INFO:     Started server process [3838251]
INFO:     Waiting for application startup.
INFO:     Application startup complete.
INFO:     Shutting down
INFO:     Waiting for application shutdown.
INFO:     Application shutdown complete.
INFO:     Finished server process [3838251]
INFO:     Stopping reloader process [3838230]
2026-03-30 21:40:30.447 | INFO     | __main__:<module>:44 - Uvicorn stopped
2026-03-30 21:40:31.332 | INFO     | __main__:<module>:35 - Starting debug uvicorn
INFO:     Will watch for changes in these directories: ['/personal/wvpn-project/vpn']
INFO:     Uvicorn running on http://0.0.0.0:9001 (Press CTRL+C to quit)
INFO:     Started reloader process [3838534] using StatReload
INFO:     Started server process [3838556]
INFO:     Waiting for application startup.
INFO:     Application startup complete.
INFO:     Shutting down
INFO:     Waiting for application shutdown.
INFO:     Application shutdown complete.
INFO:     Finished server process [3838556]
INFO:     Stopping reloader process [3838534]
2026-03-30 21:40:51.406 | INFO     | __main__:<module>:44 - Uvicorn stopped
2026-03-30 21:40:52.342 | INFO     | __main__:<module>:35 - Starting debug uvicorn
INFO:     Will watch for changes in these directories: ['/personal/wvpn-project/vpn']
INFO:     Uvicorn running on http://0.0.0.0:9001 (Press CTRL+C to quit)
INFO:     Started reloader process [3838844] using StatReload
INFO:     Started server process [3838864]
INFO:     Waiting for application startup.
INFO:     Application startup complete.
INFO:     Shutting down
INFO:     Waiting for application shutdown.
INFO:     Application shutdown complete.
INFO:     Finished server process [3838864]
INFO:     Stopping reloader process [3838844]
2026-03-30 21:41:12.427 | INFO     | __main__:<module>:44 - Uvicorn stopped
2026-03-30 21:41:13.402 | INFO     | __main__:<module>:35 - Starting debug uvicorn
INFO:     Will watch for changes in these directories: ['/personal/wvpn-project/vpn']
INFO:     Uvicorn running on http://0.0.0.0:9001 (Press CTRL+C to quit)
INFO:     Started reloader process [3839150] using StatReload
INFO:     Started server process [3839172]
INFO:     Waiting for application startup.
INFO:     Application startup complete.
INFO:     Shutting down
INFO:     Waiting for application shutdown.
INFO:     Application shutdown complete.
INFO:     Finished server process [3839172]
INFO:     Stopping reloader process [3839150]
2026-03-30 21:41:33.466 | INFO     | __main__:<module>:44 - Uvicorn stopped
2026-03-30 21:41:34.290 | INFO     | __main__:<module>:35 - Starting debug uvicorn
INFO:     Will watch for changes in these directories: ['/personal/wvpn-project/vpn']
INFO:     Uvicorn running on http://0.0.0.0:9001 (Press CTRL+C to quit)
INFO:     Started reloader process [3839461] using StatReload
INFO:     Started server process [3839479]
INFO:     Waiting for application startup.
INFO:     Application startup complete.
INFO:     Shutting down
INFO:     Waiting for application shutdown.
INFO:     Application shutdown complete.
INFO:     Finished server process [3839479]
INFO:     Stopping reloader process [3839461]
2026-03-30 21:41:54.361 | INFO     | __main__:<module>:44 - Uvicorn stopped
2026-03-30 21:41:55.320 | INFO     | __main__:<module>:35 - Starting debug uvicorn
INFO:     Will watch for changes in these directories: ['/personal/wvpn-project/vpn']
INFO:     Uvicorn running on http://0.0.0.0:9001 (Press CTRL+C to quit)
INFO:     Started reloader process [3839769] using StatReload
INFO:     Started server process [3839808]
INFO:     Waiting for application startup.
INFO:     Application startup complete.
INFO:     Shutting down
INFO:     Waiting for application shutdown.
INFO:     Application shutdown complete.
INFO:     Finished server process [3839808]
INFO:     Stopping reloader process [3839769]
2026-03-30 21:42:16.091 | INFO     | __main__:<module>:44 - Uvicorn stopped
2026-03-30 21:42:20.884 | INFO     | __main__:<module>:35 - Starting debug uvicorn
INFO:     Will watch for changes in these directories: ['/personal/wvpn-project/vpn']
INFO:     Uvicorn running on http://0.0.0.0:9001 (Press CTRL+C to quit)
INFO:     Started reloader process [3840098] using StatReload
INFO:     Started server process [3840146]
INFO:     Waiting for application startup.
INFO:     Application startup complete.
INFO:     Shutting down
INFO:     Waiting for application shutdown.
INFO:     Application shutdown complete.
INFO:     Finished server process [3840146]
INFO:     Stopping reloader process [3840098]
2026-03-30 21:54:47.806 | INFO     | __main__:<module>:44 - Uvicorn stopped
2026-03-30 21:54:48.781 | INFO     | __main__:<module>:35 - Starting debug uvicorn
INFO:     Will watch for changes in these directories: ['/personal/wvpn-project/vpn']
INFO:     Uvicorn running on http://0.0.0.0:9001 (Press CTRL+C to quit)
INFO:     Started reloader process [3850522] using StatReload
INFO:     Started server process [3850542]
INFO:     Waiting for application startup.
INFO:     Application startup complete.
INFO:     Shutting down
INFO:     Waiting for application shutdown.
INFO:     Application shutdown complete.
INFO:     Finished server process [3850542]
INFO:     Stopping reloader process [3850522]
2026-03-30 21:55:08.799 | INFO     | __main__:<module>:44 - Uvicorn stopped
2026-03-30 21:55:09.625 | INFO     | __main__:<module>:35 - Starting debug uvicorn
INFO:     Will watch for changes in these directories: ['/personal/wvpn-project/vpn']
INFO:     Uvicorn running on http://0.0.0.0:9001 (Press CTRL+C to quit)
INFO:     Started reloader process [3850847] using StatReload
INFO:     Started server process [3850884]
INFO:     Waiting for application startup.
INFO:     Application startup complete.
INFO:     Shutting down
INFO:     Waiting for application shutdown.
INFO:     Application shutdown complete.
INFO:     Finished server process [3850884]
INFO:     Stopping reloader process [3850847]
2026-03-30 21:55:29.813 | INFO     | __main__:<module>:44 - Uvicorn stopped
2026-03-30 21:55:30.726 | INFO     | __main__:<module>:35 - Starting debug uvicorn
INFO:     Will watch for changes in these directories: ['/personal/wvpn-project/vpn']
INFO:     Uvicorn running on http://0.0.0.0:9001 (Press CTRL+C to quit)
INFO:     Started reloader process [3851180] using StatReload
INFO:     Started server process [3851201]
INFO:     Waiting for application startup.
INFO:     Application startup complete.
INFO:     Shutting down
INFO:     Waiting for application shutdown.
INFO:     Application shutdown complete.
INFO:     Finished server process [3851201]
INFO:     Stopping reloader process [3851180]
2026-03-30 21:55:50.867 | INFO     | __main__:<module>:44 - Uvicorn stopped
2026-03-30 21:55:51.765 | INFO     | __main__:<module>:35 - Starting debug uvicorn
INFO:     Will watch for changes in these directories: ['/personal/wvpn-project/vpn']
INFO:     Uvicorn running on http://0.0.0.0:9001 (Press CTRL+C to quit)
INFO:     Started reloader process [3851488] using StatReload
INFO:     Started server process [3851504]
INFO:     Waiting for application startup.
INFO:     Application startup complete.
INFO:     Shutting down
INFO:     Waiting for application shutdown.
INFO:     Application shutdown complete.
INFO:     Finished server process [3851504]
INFO:     Stopping reloader process [3851488]
2026-03-30 21:56:11.758 | INFO     | __main__:<module>:44 - Uvicorn stopped
2026-03-30 21:56:12.728 | INFO     | __main__:<module>:35 - Starting debug uvicorn
INFO:     Will watch for changes in these directories: ['/personal/wvpn-project/vpn']
INFO:     Uvicorn running on http://0.0.0.0:9001 (Press CTRL+C to quit)
INFO:     Started reloader process [3851794] using StatReload
INFO:     Started server process [3851815]
INFO:     Waiting for application startup.
INFO:     Application startup complete.
INFO:     Shutting down
INFO:     Waiting for application shutdown.
INFO:     Application shutdown complete.
INFO:     Finished server process [3851815]
INFO:     Stopping reloader process [3851794]
2026-03-30 21:56:32.716 | INFO     | __main__:<module>:44 - Uvicorn stopped
2026-03-30 21:56:33.643 | INFO     | __main__:<module>:35 - Starting debug uvicorn
INFO:     Will watch for changes in these directories: ['/personal/wvpn-project/vpn']
INFO:     Uvicorn running on http://0.0.0.0:9001 (Press CTRL+C to quit)
INFO:     Started reloader process [3852101] using StatReload
INFO:     Started server process [3852121]
INFO:     Waiting for application startup.
INFO:     Application startup complete.
INFO:     Shutting down
INFO:     Waiting for application shutdown.
INFO:     Application shutdown complete.
INFO:     Finished server process [3852121]
INFO:     Stopping reloader process [3852101]
2026-03-30 21:57:23.325 | INFO     | __main__:<module>:44 - Uvicorn stopped
2026-03-30 21:57:24.817 | INFO     | __main__:<module>:35 - Starting debug uvicorn
INFO:     Will watch for changes in these directories: ['/personal/wvpn-project/vpn']
INFO:     Uvicorn running on http://0.0.0.0:9001 (Press CTRL+C to quit)
INFO:     Started reloader process [3852834] using StatReload
INFO:     Started server process [3852854]
INFO:     Waiting for application startup.
INFO:     Application startup complete.
INFO:     Shutting down
INFO:     Waiting for application shutdown.
INFO:     Application shutdown complete.
INFO:     Finished server process [3852854]
INFO:     Stopping reloader process [3852834]
2026-03-30 21:58:20.184 | INFO     | __main__:<module>:44 - Uvicorn stopped
2026-03-30 21:58:21.270 | INFO     | __main__:<module>:35 - Starting debug uvicorn
INFO:     Will watch for changes in these directories: ['/personal/wvpn-project/vpn']
INFO:     Uvicorn running on http://0.0.0.0:9001 (Press CTRL+C to quit)
INFO:     Started reloader process [3853648] using StatReload
INFO:     Started server process [3853686]
INFO:     Waiting for application startup.
INFO:     Application startup complete.
INFO:     Shutting down
INFO:     Waiting for application shutdown.
INFO:     Application shutdown complete.
INFO:     Finished server process [3853686]
INFO:     Stopping reloader process [3853648]
2026-03-30 21:58:41.120 | INFO     | __main__:<module>:44 - Uvicorn stopped
2026-03-30 21:58:42.016 | INFO     | __main__:<module>:35 - Starting debug uvicorn
INFO:     Will watch for changes in these directories: ['/personal/wvpn-project/vpn']
INFO:     Uvicorn running on http://0.0.0.0:9001 (Press CTRL+C to quit)
INFO:     Started reloader process [3853990] using StatReload
INFO:     Started server process [3854010]
INFO:     Waiting for application startup.
INFO:     Application startup complete.
INFO:     Shutting down
INFO:     Waiting for application shutdown.
INFO:     Application shutdown complete.
INFO:     Finished server process [3854010]
INFO:     Stopping reloader process [3853990]
2026-03-30 21:59:01.940 | INFO     | __main__:<module>:44 - Uvicorn stopped
2026-03-30 21:59:02.805 | INFO     | __main__:<module>:35 - Starting debug uvicorn
INFO:     Will watch for changes in these directories: ['/personal/wvpn-project/vpn']
INFO:     Uvicorn running on http://0.0.0.0:9001 (Press CTRL+C to quit)
INFO:     Started reloader process [3854298] using StatReload
INFO:     Started server process [3854314]
INFO:     Waiting for application startup.
INFO:     Application startup complete.
INFO:     Shutting down
INFO:     Waiting for application shutdown.
INFO:     Application shutdown complete.
INFO:     Finished server process [3854314]
INFO:     Stopping reloader process [3854298]
2026-03-30 21:59:22.787 | INFO     | __main__:<module>:44 - Uvicorn stopped
2026-03-30 21:59:23.779 | INFO     | __main__:<module>:35 - Starting debug uvicorn
INFO:     Will watch for changes in these directories: ['/personal/wvpn-project/vpn']
INFO:     Uvicorn running on http://0.0.0.0:9001 (Press CTRL+C to quit)
INFO:     Started reloader process [3854603] using StatReload
INFO:     Started server process [3854628]
INFO:     Waiting for application startup.
INFO:     Application startup complete.
INFO:     Shutting down
INFO:     Waiting for application shutdown.
INFO:     Application shutdown complete.
INFO:     Finished server process [3854628]
INFO:     Stopping reloader process [3854603]
2026-03-30 21:59:43.550 | INFO     | __main__:<module>:44 - Uvicorn stopped
2026-03-30 21:59:44.503 | INFO     | __main__:<module>:35 - Starting debug uvicorn
INFO:     Will watch for changes in these directories: ['/personal/wvpn-project/vpn']
INFO:     Uvicorn running on http://0.0.0.0:9001 (Press CTRL+C to quit)
INFO:     Started reloader process [3854913] using StatReload
INFO:     Started server process [3854933]
INFO:     Waiting for application startup.
INFO:     Application startup complete.
INFO:     Shutting down
INFO:     Waiting for application shutdown.
INFO:     Application shutdown complete.
INFO:     Finished server process [3854933]
INFO:     Stopping reloader process [3854913]
2026-03-30 22:00:04.545 | INFO     | __main__:<module>:44 - Uvicorn stopped
2026-03-30 22:00:05.318 | INFO     | __main__:<module>:35 - Starting debug uvicorn
INFO:     Will watch for changes in these directories: ['/personal/wvpn-project/vpn']
INFO:     Uvicorn running on http://0.0.0.0:9001 (Press CTRL+C to quit)
INFO:     Started reloader process [3855229] using StatReload
INFO:     Started server process [3855247]
INFO:     Waiting for application startup.
INFO:     Application startup complete.
INFO:     Shutting down
INFO:     Waiting for application shutdown.
INFO:     Application shutdown complete.
INFO:     Finished server process [3855247]
INFO:     Stopping reloader process [3855229]
2026-03-30 22:00:25.072 | INFO     | __main__:<module>:44 - Uvicorn stopped
2026-03-30 22:00:26.045 | INFO     | __main__:<module>:35 - Starting debug uvicorn
INFO:     Will watch for changes in these directories: ['/personal/wvpn-project/vpn']
INFO:     Uvicorn running on http://0.0.0.0:9001 (Press CTRL+C to quit)
INFO:     Started reloader process [3855533] using StatReload
INFO:     Started server process [3855553]
INFO:     Waiting for application startup.
INFO:     Application startup complete.
INFO:     Shutting down
INFO:     Waiting for application shutdown.
INFO:     Application shutdown complete.
INFO:     Finished server process [3855553]
INFO:     Stopping reloader process [3855533]
2026-03-30 22:00:46.067 | INFO     | __main__:<module>:44 - Uvicorn stopped
2026-03-30 22:00:46.879 | INFO     | __main__:<module>:35 - Starting debug uvicorn
INFO:     Will watch for changes in these directories: ['/personal/wvpn-project/vpn']
INFO:     Uvicorn running on http://0.0.0.0:9001 (Press CTRL+C to quit)
INFO:     Started reloader process [3855842] using StatReload
INFO:     Started server process [3855853]
INFO:     Waiting for application startup.
INFO:     Application startup complete.
INFO:     Shutting down
INFO:     Waiting for application shutdown.
INFO:     Application shutdown complete.
INFO:     Finished server process [3855853]
INFO:     Stopping reloader process [3855842]
2026-03-30 22:01:07.045 | INFO     | __main__:<module>:44 - Uvicorn stopped
2026-03-30 22:01:08.062 | INFO     | __main__:<module>:35 - Starting debug uvicorn
INFO:     Will watch for changes in these directories: ['/personal/wvpn-project/vpn']
INFO:     Uvicorn running on http://0.0.0.0:9001 (Press CTRL+C to quit)
INFO:     Started reloader process [3856166] using StatReload
INFO:     Started server process [3856188]
INFO:     Waiting for application startup.
INFO:     Application startup complete.
INFO:     Shutting down
INFO:     Waiting for application shutdown.
INFO:     Application shutdown complete.
INFO:     Finished server process [3856188]
INFO:     Stopping reloader process [3856166]
2026-03-30 22:01:27.986 | INFO     | __main__:<module>:44 - Uvicorn stopped
2026-03-30 22:01:28.817 | INFO     | __main__:<module>:35 - Starting debug uvicorn
INFO:     Will watch for changes in these directories: ['/personal/wvpn-project/vpn']
INFO:     Uvicorn running on http://0.0.0.0:9001 (Press CTRL+C to quit)
INFO:     Started reloader process [3856479] using StatReload
INFO:     Started server process [3856495]
INFO:     Waiting for application startup.
INFO:     Application startup complete.
INFO:     Shutting down
INFO:     Waiting for application shutdown.
INFO:     Application shutdown complete.
INFO:     Finished server process [3856495]
INFO:     Stopping reloader process [3856479]
2026-03-30 22:01:48.850 | INFO     | __main__:<module>:44 - Uvicorn stopped
2026-03-30 22:01:49.781 | INFO     | __main__:<module>:35 - Starting debug uvicorn
INFO:     Will watch for changes in these directories: ['/personal/wvpn-project/vpn']
INFO:     Uvicorn running on http://0.0.0.0:9001 (Press CTRL+C to quit)
INFO:     Started reloader process [3856779] using StatReload
INFO:     Started server process [3856798]
INFO:     Waiting for application startup.
INFO:     Application startup complete.
INFO:     Shutting down
INFO:     Waiting for application shutdown.
INFO:     Application shutdown complete.
INFO:     Finished server process [3856798]
INFO:     Stopping reloader process [3856779]
2026-03-30 22:02:09.788 | INFO     | __main__:<module>:44 - Uvicorn stopped
2026-03-30 22:02:10.875 | INFO     | __main__:<module>:35 - Starting debug uvicorn
INFO:     Will watch for changes in these directories: ['/personal/wvpn-project/vpn']
INFO:     Uvicorn running on http://0.0.0.0:9001 (Press CTRL+C to quit)
INFO:     Started reloader process [3857089] using StatReload
INFO:     Started server process [3857110]
INFO:     Waiting for application startup.
INFO:     Application startup complete.
INFO:     Shutting down
INFO:     Waiting for application shutdown.
INFO:     Application shutdown complete.
INFO:     Finished server process [3857110]
INFO:     Stopping reloader process [3857089]
2026-03-30 22:02:30.679 | INFO     | __main__:<module>:44 - Uvicorn stopped
2026-03-30 22:02:31.651 | INFO     | __main__:<module>:35 - Starting debug uvicorn
INFO:     Will watch for changes in these directories: ['/personal/wvpn-project/vpn']
INFO:     Uvicorn running on http://0.0.0.0:9001 (Press CTRL+C to quit)
INFO:     Started reloader process [3857399] using StatReload
INFO:     Started server process [3857419]
INFO:     Waiting for application startup.
INFO:     Application startup complete.
INFO:     Shutting down
INFO:     Waiting for application shutdown.
INFO:     Application shutdown complete.
INFO:     Finished server process [3857419]
INFO:     Stopping reloader process [3857399]
2026-03-30 22:02:51.501 | INFO     | __main__:<module>:44 - Uvicorn stopped
2026-03-30 22:02:52.396 | INFO     | __main__:<module>:35 - Starting debug uvicorn
INFO:     Will watch for changes in these directories: ['/personal/wvpn-project/vpn']
INFO:     Uvicorn running on http://0.0.0.0:9001 (Press CTRL+C to quit)
INFO:     Started reloader process [3857706] using StatReload
INFO:     Started server process [3857724]
INFO:     Waiting for application startup.
INFO:     Application startup complete.
INFO:     Shutting down
INFO:     Waiting for application shutdown.
INFO:     Application shutdown complete.
INFO:     Finished server process [3857724]
INFO:     Stopping reloader process [3857706]
2026-03-30 22:03:12.502 | INFO     | __main__:<module>:44 - Uvicorn stopped
2026-03-30 22:03:13.502 | INFO     | __main__:<module>:35 - Starting debug uvicorn
INFO:     Will watch for changes in these directories: ['/personal/wvpn-project/vpn']
INFO:     Uvicorn running on http://0.0.0.0:9001 (Press CTRL+C to quit)
INFO:     Started reloader process [3858013] using StatReload
INFO:     Started server process [3858052]
INFO:     Waiting for application startup.
INFO:     Application startup complete.
INFO:     Shutting down
INFO:     Waiting for application shutdown.
INFO:     Application shutdown complete.
INFO:     Finished server process [3858052]
INFO:     Stopping reloader process [3858013]
2026-03-30 22:03:33.657 | INFO     | __main__:<module>:44 - Uvicorn stopped
2026-03-30 22:03:35.560 | INFO     | __main__:<module>:35 - Starting debug uvicorn
INFO:     Will watch for changes in these directories: ['/personal/wvpn-project/vpn']
INFO:     Uvicorn running on http://0.0.0.0:9001 (Press CTRL+C to quit)
INFO:     Started reloader process [3858341] using StatReload
INFO:     Started server process [3858357]
INFO:     Waiting for application startup.
INFO:     Application startup complete.
INFO:     Shutting down
INFO:     Waiting for application shutdown.
INFO:     Application shutdown complete.
INFO:     Finished server process [3858357]
INFO:     Stopping reloader process [3858341]
2026-03-30 22:03:55.204 | INFO     | __main__:<module>:44 - Uvicorn stopped
2026-03-30 22:03:56.346 | INFO     | __main__:<module>:35 - Starting debug uvicorn
INFO:     Will watch for changes in these directories: ['/personal/wvpn-project/vpn']
INFO:     Uvicorn running on http://0.0.0.0:9001 (Press CTRL+C to quit)
INFO:     Started reloader process [3858641] using StatReload
INFO:     Started server process [3858663]
INFO:     Waiting for application startup.
INFO:     Application startup complete.
INFO:     Shutting down
INFO:     Waiting for application shutdown.
INFO:     Application shutdown complete.
INFO:     Finished server process [3858663]
INFO:     Stopping reloader process [3858641]
2026-03-30 22:04:16.296 | INFO     | __main__:<module>:44 - Uvicorn stopped
2026-03-30 22:04:18.048 | INFO     | __main__:<module>:35 - Starting debug uvicorn
INFO:     Will watch for changes in these directories: ['/personal/wvpn-project/vpn']
INFO:     Uvicorn running on http://0.0.0.0:9001 (Press CTRL+C to quit)
INFO:     Started reloader process [3858937] using StatReload
INFO:     Started server process [3858961]
INFO:     Waiting for application startup.
INFO:     Application startup complete.
INFO:     Shutting down
INFO:     Waiting for application shutdown.
INFO:     Application shutdown complete.
INFO:     Finished server process [3858961]
INFO:     Stopping reloader process [3858937]
2026-03-30 22:04:37.899 | INFO     | __main__:<module>:44 - Uvicorn stopped
2026-03-30 22:04:39.157 | INFO     | __main__:<module>:35 - Starting debug uvicorn
INFO:     Will watch for changes in these directories: ['/personal/wvpn-project/vpn']
INFO:     Uvicorn running on http://0.0.0.0:9001 (Press CTRL+C to quit)
INFO:     Started reloader process [3859239] using StatReload
INFO:     Started server process [3859269]
INFO:     Waiting for application startup.
INFO:     Application startup complete.
INFO:     Shutting down
INFO:     Waiting for application shutdown.
INFO:     Application shutdown complete.
INFO:     Finished server process [3859269]
INFO:     Stopping reloader process [3859239]
2026-03-30 22:04:59.091 | INFO     | __main__:<module>:44 - Uvicorn stopped
2026-03-30 22:05:00.999 | INFO     | __main__:<module>:35 - Starting debug uvicorn
INFO:     Will watch for changes in these directories: ['/personal/wvpn-project/vpn']
INFO:     Uvicorn running on http://0.0.0.0:9001 (Press CTRL+C to quit)
INFO:     Started reloader process [3859555] using StatReload
INFO:     Started server process [3859577]
INFO:     Waiting for application startup.
INFO:     Application startup complete.
INFO:     Shutting down
INFO:     Waiting for application shutdown.
INFO:     Application shutdown complete.
INFO:     Finished server process [3859577]
INFO:     Stopping reloader process [3859555]
2026-03-30 22:05:21.202 | INFO     | __main__:<module>:44 - Uvicorn stopped
2026-03-30 22:05:22.539 | INFO     | __main__:<module>:35 - Starting debug uvicorn
INFO:     Will watch for changes in these directories: ['/personal/wvpn-project/vpn']
INFO:     Uvicorn running on http://0.0.0.0:9001 (Press CTRL+C to quit)
INFO:     Started reloader process [3859855] using StatReload
INFO:     Started server process [3859873]
INFO:     Waiting for application startup.
INFO:     Application startup complete.
INFO:     Shutting down
INFO:     Waiting for application shutdown.
INFO:     Application shutdown complete.
INFO:     Finished server process [3859873]
INFO:     Stopping reloader process [3859855]
2026-03-30 22:10:16.709 | INFO     | __main__:<module>:44 - Uvicorn stopped
2026-03-30 22:10:18.330 | INFO     | __main__:<module>:35 - Starting debug uvicorn
INFO:     Will watch for changes in these directories: ['/personal/wvpn-project/vpn']
INFO:     Uvicorn running on http://0.0.0.0:9001 (Press CTRL+C to quit)
INFO:     Started reloader process [3864040] using StatReload
INFO:     Started server process [3864081]
INFO:     Waiting for application startup.
INFO:     Application startup complete.
INFO:     Shutting down
INFO:     Waiting for application shutdown.
INFO:     Application shutdown complete.
INFO:     Finished server process [3864081]
INFO:     Stopping reloader process [3864040]
2026-03-30 22:32:54.743 | INFO     | __main__:<module>:44 - Uvicorn stopped
2026-03-30 22:32:57.126 | INFO     | __main__:<module>:35 - Starting debug uvicorn
INFO:     Will watch for changes in these directories: ['/personal/wvpn-project/vpn']
INFO:     Uvicorn running on http://0.0.0.0:9001 (Press CTRL+C to quit)
INFO:     Started reloader process [3882887] using StatReload
INFO:     Started server process [3882917]
INFO:     Waiting for application startup.
INFO:     Application startup complete.
INFO:     Shutting down
INFO:     Waiting for application shutdown.
INFO:     Application shutdown complete.
INFO:     Finished server process [3882917]
INFO:     Stopping reloader process [3882887]
2026-03-30 22:35:09.467 | INFO     | __main__:<module>:44 - Uvicorn stopped
2026-03-30 22:35:10.976 | INFO     | __main__:<module>:35 - Starting debug uvicorn
INFO:     Will watch for changes in these directories: ['/personal/wvpn-project/vpn']
INFO:     Uvicorn running on http://0.0.0.0:9001 (Press CTRL+C to quit)
INFO:     Started reloader process [3884775] using StatReload
INFO:     Started server process [3884792]
INFO:     Waiting for application startup.
INFO:     Application startup complete.
WARNING:  Invalid HTTP request received.
INFO:     Shutting down
INFO:     Waiting for application shutdown.
INFO:     Application shutdown complete.
INFO:     Finished server process [3884792]
INFO:     Stopping reloader process [3884775]
2026-03-31 07:17:10.236 | INFO     | __main__:<module>:44 - Uvicorn stopped
2026-03-31 07:17:16.585 | INFO     | __main__:<module>:35 - Starting debug uvicorn
INFO:     Will watch for changes in these directories: ['/personal/wvpn-project/vpn']
INFO:     Uvicorn running on http://0.0.0.0:9001 (Press CTRL+C to quit)
INFO:     Started reloader process [120974] using StatReload
INFO:     Started server process [121015]
INFO:     Waiting for application startup.
INFO:     Application startup complete.
WARNING:  Invalid HTTP request received.
WARNING:  Invalid HTTP request received.
WARNING:  Invalid HTTP request received.
WARNING:  Invalid HTTP request received.
WARNING:  Invalid HTTP request received.
WARNING:  Invalid HTTP request received.
INFO:     Shutting down
INFO:     Waiting for application shutdown.
INFO:     Application shutdown complete.
INFO:     Finished server process [121015]
INFO:     Stopping reloader process [120974]
2026-03-31 11:21:06.908 | INFO     | __main__:<module>:44 - Uvicorn stopped
2026-03-31 11:21:13.131 | INFO     | __main__:<module>:35 - Starting debug uvicorn
INFO:     Will watch for changes in these directories: ['/personal/wvpn-project/vpn']
INFO:     Uvicorn running on http://0.0.0.0:9001 (Press CTRL+C to quit)
INFO:     Started reloader process [318919] using StatReload
INFO:     Started server process [318984]
INFO:     Waiting for application startup.
INFO:     Application startup complete.
WARNING:  Invalid HTTP request received.
WARNING:  Invalid HTTP request received.
WARNING:  Invalid HTTP request received.
WARNING:  Invalid HTTP request received.
WARNING:  Invalid HTTP request received.
WARNING:  Invalid HTTP request received.
WARNING:  Invalid HTTP request received.
WARNING:  Invalid HTTP request received.
WARNING:  Invalid HTTP request received.
WARNING:  Invalid HTTP request received.
INFO:     Shutting down
INFO:     Waiting for application shutdown.
INFO:     Application shutdown complete.
INFO:     Finished server process [318984]
INFO:     Stopping reloader process [318919]
2026-03-31 12:32:54.897 | INFO     | __main__:<module>:44 - Uvicorn stopped
2026-03-31 12:32:58.199 | INFO     | __main__:<module>:35 - Starting debug uvicorn
INFO:     Will watch for changes in these directories: ['/personal/wvpn-project/vpn']
INFO:     Uvicorn running on http://0.0.0.0:9001 (Press CTRL+C to quit)
INFO:     Started reloader process [376279] using StatReload
INFO:     Started server process [376342]
INFO:     Waiting for application startup.
INFO:     Application startup complete.
INFO:     Shutting down
INFO:     Waiting for application shutdown.
INFO:     Application shutdown complete.
INFO:     Finished server process [376342]
INFO:     Stopping reloader process [376279]
2026-03-31 13:54:56.228 | INFO     | __main__:<module>:44 - Uvicorn stopped
2026-03-31 13:54:59.833 | INFO     | __main__:<module>:35 - Starting debug uvicorn
INFO:     Will watch for changes in these directories: ['/personal/wvpn-project/vpn']
INFO:     Uvicorn running on http://0.0.0.0:9001 (Press CTRL+C to quit)
INFO:     Started reloader process [444262] using StatReload
INFO:     Started server process [444313]
INFO:     Waiting for application startup.
INFO:     Application startup complete.
INFO:     Shutting down
INFO:     Waiting for application shutdown.
INFO:     Application shutdown complete.
INFO:     Finished server process [444313]
INFO:     Stopping reloader process [444262]
2026-03-31 13:55:43.819 | INFO     | __main__:<module>:44 - Uvicorn stopped
2026-03-31 13:55:47.099 | INFO     | __main__:<module>:35 - Starting debug uvicorn
INFO:     Will watch for changes in these directories: ['/personal/wvpn-project/vpn']
INFO:     Uvicorn running on http://0.0.0.0:9001 (Press CTRL+C to quit)
INFO:     Started reloader process [444987] using StatReload
INFO:     Started server process [445041]
INFO:     Waiting for application startup.
INFO:     Application startup complete.
INFO:     Shutting down
INFO:     Waiting for application shutdown.
INFO:     Application shutdown complete.
INFO:     Finished server process [445041]
INFO:     Stopping reloader process [444987]
2026-03-31 14:25:21.432 | INFO     | __main__:<module>:44 - Uvicorn stopped
2026-03-31 14:25:24.944 | INFO     | __main__:<module>:35 - Starting debug uvicorn
INFO:     Will watch for changes in these directories: ['/personal/wvpn-project/vpn']
INFO:     Uvicorn running on http://0.0.0.0:9001 (Press CTRL+C to quit)
INFO:     Started reloader process [469836] using StatReload
INFO:     Started server process [469900]
INFO:     Waiting for application startup.
INFO:     Application startup complete.
INFO:     Shutting down
INFO:     Waiting for application shutdown.
INFO:     Application shutdown complete.
INFO:     Finished server process [469900]
INFO:     Stopping reloader process [469836]
2026-03-31 14:26:17.588 | INFO     | __main__:<module>:44 - Uvicorn stopped
2026-03-31 14:26:20.710 | INFO     | __main__:<module>:35 - Starting debug uvicorn
INFO:     Will watch for changes in these directories: ['/personal/wvpn-project/vpn']
INFO:     Uvicorn running on http://0.0.0.0:9001 (Press CTRL+C to quit)
INFO:     Started reloader process [470677] using StatReload
INFO:     Started server process [470729]
INFO:     Waiting for application startup.
INFO:     Application startup complete.
INFO:     Shutting down
INFO:     Waiting for application shutdown.
INFO:     Application shutdown complete.
INFO:     Finished server process [470729]
INFO:     Stopping reloader process [470677]
2026-03-31 14:33:30.362 | INFO     | __main__:<module>:44 - Uvicorn stopped
2026-03-31 14:33:34.149 | INFO     | __main__:<module>:35 - Starting debug uvicorn
INFO:     Will watch for changes in these directories: ['/personal/wvpn-project/vpn']
INFO:     Uvicorn running on http://0.0.0.0:9001 (Press CTRL+C to quit)
INFO:     Started reloader process [476838] using StatReload
INFO:     Started server process [476899]
INFO:     Waiting for application startup.
INFO:     Application startup complete.
INFO:     Shutting down
INFO:     Waiting for application shutdown.
INFO:     Application shutdown complete.
INFO:     Finished server process [476899]
INFO:     Stopping reloader process [476838]
2026-03-31 14:35:42.668 | INFO     | __main__:<module>:44 - Uvicorn stopped
2026-03-31 14:35:46.026 | INFO     | __main__:<module>:35 - Starting debug uvicorn
INFO:     Will watch for changes in these directories: ['/personal/wvpn-project/vpn']
INFO:     Uvicorn running on http://0.0.0.0:9001 (Press CTRL+C to quit)
INFO:     Started reloader process [478780] using StatReload
INFO:     Started server process [478841]
INFO:     Waiting for application startup.
INFO:     Application startup complete.
INFO:     Shutting down
INFO:     Waiting for application shutdown.
INFO:     Application shutdown complete.
INFO:     Finished server process [478841]
INFO:     Stopping reloader process [478780]
2026-03-31 14:39:56.167 | INFO     | __main__:<module>:44 - Uvicorn stopped
2026-03-31 14:39:59.742 | INFO     | __main__:<module>:35 - Starting debug uvicorn
INFO:     Will watch for changes in these directories: ['/personal/wvpn-project/vpn']
INFO:     Uvicorn running on http://0.0.0.0:9001 (Press CTRL+C to quit)
INFO:     Started reloader process [482359] using StatReload
INFO:     Started server process [482399]
INFO:     Waiting for application startup.
INFO:     Application startup complete.
WARNING:  Invalid HTTP request received.
WARNING:  Invalid HTTP request received.
WARNING:  Invalid HTTP request received.
WARNING:  Invalid HTTP request received.
WARNING:  Invalid HTTP request received.
WARNING:  Invalid HTTP request received.
WARNING:  Invalid HTTP request received.
WARNING:  Invalid HTTP request received.
WARNING:  Invalid HTTP request received.
WARNING:  Invalid HTTP request received.
WARNING:  Invalid HTTP request received.
WARNING:  Invalid HTTP request received.
INFO:     Shutting down
INFO:     Waiting for application shutdown.
INFO:     Application shutdown complete.
INFO:     Finished server process [482399]
INFO:     Stopping reloader process [482359]
2026-03-31 21:21:14.815 | INFO     | __main__:<module>:44 - Uvicorn stopped
2026-03-31 21:21:21.404 | INFO     | __main__:<module>:35 - Starting debug uvicorn
INFO:     Will watch for changes in these directories: ['/personal/wvpn-project/vpn']
INFO:     Uvicorn running on http://0.0.0.0:9001 (Press CTRL+C to quit)
INFO:     Started reloader process [799922] using StatReload
INFO:     Started server process [800020]
INFO:     Waiting for application startup.
INFO:     Application startup complete.
INFO:     Shutting down
INFO:     Waiting for application shutdown.
INFO:     Application shutdown complete.
INFO:     Finished server process [800020]
INFO:     Stopping reloader process [799922]
2026-03-31 21:25:18.020 | INFO     | __main__:<module>:44 - Uvicorn stopped
2026-03-31 21:25:21.107 | INFO     | __main__:<module>:35 - Starting debug uvicorn
INFO:     Will watch for changes in these directories: ['/personal/wvpn-project/vpn']
INFO:     Uvicorn running on http://0.0.0.0:9001 (Press CTRL+C to quit)
INFO:     Started reloader process [805470] using StatReload
INFO:     Started server process [805537]
INFO:     Waiting for application startup.
INFO:     Application startup complete.
WARNING:  Invalid HTTP request received.
WARNING:  Invalid HTTP request received.
WARNING:  Invalid HTTP request received.
INFO:     Shutting down
INFO:     Waiting for application shutdown.
INFO:     Application shutdown complete.
INFO:     Finished server process [805537]
INFO:     Stopping reloader process [805470]
2026-04-01 09:54:39.651 | INFO     | __main__:<module>:44 - Uvicorn stopped
2026-04-01 09:54:44.408 | INFO     | __main__:<module>:35 - Starting debug uvicorn
INFO:     Will watch for changes in these directories: ['/personal/wvpn-project/vpn']
INFO:     Uvicorn running on http://0.0.0.0:9001 (Press CTRL+C to quit)
INFO:     Started reloader process [1396157] using StatReload
INFO:     Started server process [1396232]
INFO:     Waiting for application startup.
INFO:     Application startup complete.
INFO:     Shutting down
INFO:     Waiting for application shutdown.
INFO:     Application shutdown complete.
INFO:     Finished server process [1396232]
INFO:     Stopping reloader process [1396157]
2026-04-01 09:55:20.345 | INFO     | __main__:<module>:44 - Uvicorn stopped
2026-04-01 09:55:22.220 | INFO     | __main__:<module>:35 - Starting debug uvicorn
INFO:     Will watch for changes in these directories: ['/personal/wvpn-project/vpn']
INFO:     Uvicorn running on http://0.0.0.0:9001 (Press CTRL+C to quit)
INFO:     Started reloader process [1396438] using StatReload
INFO:     Started server process [1396494]
INFO:     Waiting for application startup.
INFO:     Application startup complete.
INFO:     Shutting down
INFO:     Waiting for application shutdown.
INFO:     Application shutdown complete.
INFO:     Finished server process [1396494]
INFO:     Stopping reloader process [1396438]
2026-04-01 09:57:34.318 | INFO     | __main__:<module>:44 - Uvicorn stopped
2026-04-01 09:57:37.385 | INFO     | __main__:<module>:35 - Starting debug uvicorn
INFO:     Will watch for changes in these directories: ['/personal/wvpn-project/vpn']
INFO:     Uvicorn running on http://0.0.0.0:9001 (Press CTRL+C to quit)
INFO:     Started reloader process [1398376] using StatReload
INFO:     Started server process [1398462]
INFO:     Waiting for application startup.
INFO:     Application startup complete.
INFO:     Shutting down
INFO:     Waiting for application shutdown.
INFO:     Application shutdown complete.
INFO:     Finished server process [1398462]
INFO:     Stopping reloader process [1398376]
2026-04-01 09:57:39.097 | INFO     | __main__:<module>:44 - Uvicorn stopped
2026-04-01 09:57:40.933 | INFO     | __main__:<module>:35 - Starting debug uvicorn
INFO:     Will watch for changes in these directories: ['/personal/wvpn-project/vpn']
INFO:     Uvicorn running on http://0.0.0.0:9001 (Press CTRL+C to quit)
INFO:     Started reloader process [1398478] using StatReload
INFO:     Started server process [1398531]
INFO:     Waiting for application startup.
INFO:     Application startup complete.
WARNING:  Invalid HTTP request received.
INFO:     Shutting down
INFO:     Waiting for application shutdown.
INFO:     Application shutdown complete.
INFO:     Finished server process [1398531]
INFO:     Stopping reloader process [1398478]
2026-04-01 11:12:16.161 | INFO     | __main__:<module>:44 - Uvicorn stopped
2026-04-01 11:12:18.050 | INFO     | __main__:<module>:35 - Starting debug uvicorn
INFO:     Will watch for changes in these directories: ['/personal/wvpn-project/vpn']
INFO:     Uvicorn running on http://0.0.0.0:9001 (Press CTRL+C to quit)
INFO:     Started reloader process [1460328] using StatReload
INFO:     Started server process [1460410]
INFO:     Waiting for application startup.
INFO:     Application startup complete.
WARNING:  Invalid HTTP request received.
WARNING:  Invalid HTTP request received.
WARNING:  Invalid HTTP request received.
WARNING:  Invalid HTTP request received.
WARNING:  Invalid HTTP request received.
WARNING:  Invalid HTTP request received.
WARNING:  Invalid HTTP request received.
WARNING:  Invalid HTTP request received.
WARNING:  Invalid HTTP request received.
WARNING:  Invalid HTTP request received.
WARNING:  Invalid HTTP request received.
WARNING:  Invalid HTTP request received.
WARNING:  Invalid HTTP request received.
WARNING:  Invalid HTTP request received.
WARNING:  Invalid HTTP request received.
WARNING:  Invalid HTTP request received.
WARNING:  Invalid HTTP request received.
WARNING:  Invalid HTTP request received.
WARNING:  Invalid HTTP request received.
WARNING:  Invalid HTTP request received.
WARNING:  Invalid HTTP request received.
INFO:     Shutting down
INFO:     Waiting for application shutdown.
INFO:     Application shutdown complete.
INFO:     Finished server process [1460410]
INFO:     Stopping reloader process [1460328]
2026-04-01 23:31:02.482 | INFO     | __main__:<module>:44 - Uvicorn stopped
2026-04-01 23:31:07.344 | INFO     | __main__:<module>:35 - Starting debug uvicorn
INFO:     Will watch for changes in these directories: ['/personal/wvpn-project/vpn']
INFO:     Uvicorn running on http://0.0.0.0:9001 (Press CTRL+C to quit)
INFO:     Started reloader process [2058271] using StatReload
INFO:     Started server process [2058327]
INFO:     Waiting for application startup.
INFO:     Application startup complete.
INFO:     Shutting down
INFO:     Waiting for application shutdown.
INFO:     Application shutdown complete.
INFO:     Finished server process [2058327]
INFO:     Stopping reloader process [2058271]
2026-04-02 07:50:14.055 | INFO     | __main__:<module>:44 - Uvicorn stopped
2026-04-02 07:50:17.381 | INFO     | __main__:<module>:35 - Starting debug uvicorn
INFO:     Will watch for changes in these directories: ['/personal/wvpn-project/vpn']
INFO:     Uvicorn running on http://0.0.0.0:9001 (Press CTRL+C to quit)
INFO:     Started reloader process [2476429] using StatReload
INFO:     Started server process [2476459]
INFO:     Waiting for application startup.
INFO:     Application startup complete.
WARNING:  Invalid HTTP request received.
WARNING:  Invalid HTTP request received.
WARNING:  Invalid HTTP request received.
WARNING:  Invalid HTTP request received.
INFO:     Shutting down
INFO:     Waiting for application shutdown.
INFO:     Application shutdown complete.
INFO:     Finished server process [2476459]
INFO:     Stopping reloader process [2476429]
2026-04-02 10:10:32.094 | INFO     | __main__:<module>:44 - Uvicorn stopped
2026-04-02 10:10:35.780 | INFO     | __main__:<module>:35 - Starting debug uvicorn
INFO:     Will watch for changes in these directories: ['/personal/wvpn-project/vpn']
INFO:     Uvicorn running on http://0.0.0.0:9001 (Press CTRL+C to quit)
INFO:     Started reloader process [2591917] using StatReload
INFO:     Started server process [2591958]
INFO:     Waiting for application startup.
INFO:     Application startup complete.
WARNING:  Invalid HTTP request received.
WARNING:  Invalid HTTP request received.
WARNING:  Invalid HTTP request received.
INFO:     Shutting down
INFO:     Waiting for application shutdown.
INFO:     Application shutdown complete.
INFO:     Finished server process [2591958]
INFO:     Stopping reloader process [2591917]
2026-04-02 10:53:43.258 | INFO     | __main__:<module>:44 - Uvicorn stopped
2026-04-02 10:53:45.062 | INFO     | __main__:<module>:35 - Starting debug uvicorn
INFO:     Will watch for changes in these directories: ['/personal/wvpn-project/vpn']
INFO:     Uvicorn running on http://0.0.0.0:9001 (Press CTRL+C to quit)
INFO:     Started reloader process [2627166] using StatReload
INFO:     Started server process [2627184]
INFO:     Waiting for application startup.
INFO:     Application startup complete.
INFO:     Shutting down
INFO:     Waiting for application shutdown.
INFO:     Application shutdown complete.
INFO:     Finished server process [2627184]
INFO:     Stopping reloader process [2627166]
2026-04-02 12:02:08.057 | INFO     | __main__:<module>:44 - Uvicorn stopped
2026-04-02 12:02:10.484 | INFO     | __main__:<module>:35 - Starting debug uvicorn
INFO:     Will watch for changes in these directories: ['/personal/wvpn-project/vpn']
INFO:     Uvicorn running on http://0.0.0.0:9001 (Press CTRL+C to quit)
INFO:     Started reloader process [2683369] using StatReload
INFO:     Started server process [2683409]
INFO:     Waiting for application startup.
INFO:     Application startup complete.
INFO:     Shutting down
INFO:     Waiting for application shutdown.
INFO:     Application shutdown complete.
INFO:     Finished server process [2683409]
INFO:     Stopping reloader process [2683369]
2026-04-02 13:16:41.326 | INFO     | __main__:<module>:44 - Uvicorn stopped
Traceback (most recent call last):
  File "/personal/wvpn-project/vpn/main.py", line 10, in <module>
    from api.router import main_router
  File "/personal/wvpn-project/vpn/api/router.py", line 2, in <module>
    from api.v2ray.routers import client_router
  File "/personal/wvpn-project/vpn/api/v2ray/routers/__init__.py", line 1, in <module>
    from .client import(
  File "/personal/wvpn-project/vpn/api/v2ray/routers/client.py", line 5, in <module>
    from api.v2ray.resources import service
  File "/personal/wvpn-project/vpn/api/v2ray/resources/service.py", line 15, in <module>
    django.setup()
  File "/personal/wvpn-project/vpn/.venv/lib/python3.12/site-packages/django/__init__.py", line 19, in setup
    configure_logging(settings.LOGGING_CONFIG, settings.LOGGING)
                      ^^^^^^^^^^^^^^^^^^^^^^^
  File "/personal/wvpn-project/vpn/.venv/lib/python3.12/site-packages/django/conf/__init__.py", line 81, in __getattr__
    self._setup(name)
  File "/personal/wvpn-project/vpn/.venv/lib/python3.12/site-packages/django/conf/__init__.py", line 68, in _setup
    self._wrapped = Settings(settings_module)
                    ^^^^^^^^^^^^^^^^^^^^^^^^^
  File "/personal/wvpn-project/vpn/.venv/lib/python3.12/site-packages/django/conf/__init__.py", line 166, in __init__
    mod = importlib.import_module(self.SETTINGS_MODULE)
          ^^^^^^^^^^^^^^^^^^^^^^^^^^^^^^^^^^^^^^^^^^^^^
  File "/usr/lib/python3.12/importlib/__init__.py", line 90, in import_module
    return _bootstrap._gcd_import(name[level:], package, level)
           ^^^^^^^^^^^^^^^^^^^^^^^^^^^^^^^^^^^^^^^^^^^^^^^^^^^^
  File "/personal/wvpn-project/bot_builder/bot_builder/settings.py", line 158, in <module>
    from decouple import config
ModuleNotFoundError: No module named 'decouple'
Traceback (most recent call last):
  File "/personal/wvpn-project/vpn/main.py", line 10, in <module>
    from api.router import main_router
  File "/personal/wvpn-project/vpn/api/router.py", line 2, in <module>
    from api.v2ray.routers import client_router
  File "/personal/wvpn-project/vpn/api/v2ray/routers/__init__.py", line 1, in <module>
    from .client import(
  File "/personal/wvpn-project/vpn/api/v2ray/routers/client.py", line 5, in <module>
    from api.v2ray.resources import service
  File "/personal/wvpn-project/vpn/api/v2ray/resources/service.py", line 15, in <module>
    django.setup()
  File "/personal/wvpn-project/vpn/.venv/lib/python3.12/site-packages/django/__init__.py", line 19, in setup
    configure_logging(settings.LOGGING_CONFIG, settings.LOGGING)
                      ^^^^^^^^^^^^^^^^^^^^^^^
  File "/personal/wvpn-project/vpn/.venv/lib/python3.12/site-packages/django/conf/__init__.py", line 81, in __getattr__
    self._setup(name)
  File "/personal/wvpn-project/vpn/.venv/lib/python3.12/site-packages/django/conf/__init__.py", line 68, in _setup
    self._wrapped = Settings(settings_module)
                    ^^^^^^^^^^^^^^^^^^^^^^^^^
  File "/personal/wvpn-project/vpn/.venv/lib/python3.12/site-packages/django/conf/__init__.py", line 166, in __init__
    mod = importlib.import_module(self.SETTINGS_MODULE)
          ^^^^^^^^^^^^^^^^^^^^^^^^^^^^^^^^^^^^^^^^^^^^^
  File "/usr/lib/python3.12/importlib/__init__.py", line 90, in import_module
    return _bootstrap._gcd_import(name[level:], package, level)
           ^^^^^^^^^^^^^^^^^^^^^^^^^^^^^^^^^^^^^^^^^^^^^^^^^^^^
  File "/personal/wvpn-project/bot_builder/bot_builder/settings.py", line 158, in <module>
    from decouple import config
ModuleNotFoundError: No module named 'decouple'
Traceback (most recent call last):
  File "/personal/wvpn-project/vpn/main.py", line 10, in <module>
    from api.router import main_router
  File "/personal/wvpn-project/vpn/api/router.py", line 2, in <module>
    from api.v2ray.routers import client_router
  File "/personal/wvpn-project/vpn/api/v2ray/routers/__init__.py", line 1, in <module>
    from .client import(
  File "/personal/wvpn-project/vpn/api/v2ray/routers/client.py", line 5, in <module>
    from api.v2ray.resources import service
  File "/personal/wvpn-project/vpn/api/v2ray/resources/service.py", line 15, in <module>
    django.setup()
  File "/personal/wvpn-project/vpn/.venv/lib/python3.12/site-packages/django/__init__.py", line 19, in setup
    configure_logging(settings.LOGGING_CONFIG, settings.LOGGING)
                      ^^^^^^^^^^^^^^^^^^^^^^^
  File "/personal/wvpn-project/vpn/.venv/lib/python3.12/site-packages/django/conf/__init__.py", line 81, in __getattr__
    self._setup(name)
  File "/personal/wvpn-project/vpn/.venv/lib/python3.12/site-packages/django/conf/__init__.py", line 68, in _setup
    self._wrapped = Settings(settings_module)
                    ^^^^^^^^^^^^^^^^^^^^^^^^^
  File "/personal/wvpn-project/vpn/.venv/lib/python3.12/site-packages/django/conf/__init__.py", line 166, in __init__
    mod = importlib.import_module(self.SETTINGS_MODULE)
          ^^^^^^^^^^^^^^^^^^^^^^^^^^^^^^^^^^^^^^^^^^^^^
  File "/usr/lib/python3.12/importlib/__init__.py", line 90, in import_module
    return _bootstrap._gcd_import(name[level:], package, level)
           ^^^^^^^^^^^^^^^^^^^^^^^^^^^^^^^^^^^^^^^^^^^^^^^^^^^^
  File "/personal/wvpn-project/bot_builder/bot_builder/settings.py", line 158, in <module>
    from decouple import config
ModuleNotFoundError: No module named 'decouple'
Traceback (most recent call last):
  File "/personal/wvpn-project/vpn/main.py", line 10, in <module>
    from api.router import main_router
  File "/personal/wvpn-project/vpn/api/router.py", line 2, in <module>
    from api.v2ray.routers import client_router
  File "/personal/wvpn-project/vpn/api/v2ray/routers/__init__.py", line 1, in <module>
    from .client import(
  File "/personal/wvpn-project/vpn/api/v2ray/routers/client.py", line 5, in <module>
    from api.v2ray.resources import service
  File "/personal/wvpn-project/vpn/api/v2ray/resources/service.py", line 15, in <module>
    django.setup()
  File "/personal/wvpn-project/vpn/.venv/lib/python3.12/site-packages/django/__init__.py", line 19, in setup
    configure_logging(settings.LOGGING_CONFIG, settings.LOGGING)
                      ^^^^^^^^^^^^^^^^^^^^^^^
  File "/personal/wvpn-project/vpn/.venv/lib/python3.12/site-packages/django/conf/__init__.py", line 81, in __getattr__
    self._setup(name)
  File "/personal/wvpn-project/vpn/.venv/lib/python3.12/site-packages/django/conf/__init__.py", line 68, in _setup
    self._wrapped = Settings(settings_module)
                    ^^^^^^^^^^^^^^^^^^^^^^^^^
  File "/personal/wvpn-project/vpn/.venv/lib/python3.12/site-packages/django/conf/__init__.py", line 166, in __init__
    mod = importlib.import_module(self.SETTINGS_MODULE)
          ^^^^^^^^^^^^^^^^^^^^^^^^^^^^^^^^^^^^^^^^^^^^^
  File "/usr/lib/python3.12/importlib/__init__.py", line 90, in import_module
    return _bootstrap._gcd_import(name[level:], package, level)
           ^^^^^^^^^^^^^^^^^^^^^^^^^^^^^^^^^^^^^^^^^^^^^^^^^^^^
  File "/personal/wvpn-project/bot_builder/bot_builder/settings.py", line 158, in <module>
    from decouple import config
ModuleNotFoundError: No module named 'decouple'
Traceback (most recent call last):
  File "/personal/wvpn-project/vpn/main.py", line 10, in <module>
    from api.router import main_router
  File "/personal/wvpn-project/vpn/api/router.py", line 2, in <module>
    from api.v2ray.routers import client_router
  File "/personal/wvpn-project/vpn/api/v2ray/routers/__init__.py", line 1, in <module>
    from .client import(
  File "/personal/wvpn-project/vpn/api/v2ray/routers/client.py", line 5, in <module>
    from api.v2ray.resources import service
  File "/personal/wvpn-project/vpn/api/v2ray/resources/service.py", line 15, in <module>
    django.setup()
  File "/personal/wvpn-project/vpn/.venv/lib/python3.12/site-packages/django/__init__.py", line 19, in setup
    configure_logging(settings.LOGGING_CONFIG, settings.LOGGING)
                      ^^^^^^^^^^^^^^^^^^^^^^^
  File "/personal/wvpn-project/vpn/.venv/lib/python3.12/site-packages/django/conf/__init__.py", line 81, in __getattr__
    self._setup(name)
  File "/personal/wvpn-project/vpn/.venv/lib/python3.12/site-packages/django/conf/__init__.py", line 68, in _setup
    self._wrapped = Settings(settings_module)
                    ^^^^^^^^^^^^^^^^^^^^^^^^^
  File "/personal/wvpn-project/vpn/.venv/lib/python3.12/site-packages/django/conf/__init__.py", line 166, in __init__
    mod = importlib.import_module(self.SETTINGS_MODULE)
          ^^^^^^^^^^^^^^^^^^^^^^^^^^^^^^^^^^^^^^^^^^^^^
  File "/usr/lib/python3.12/importlib/__init__.py", line 90, in import_module
    return _bootstrap._gcd_import(name[level:], package, level)
           ^^^^^^^^^^^^^^^^^^^^^^^^^^^^^^^^^^^^^^^^^^^^^^^^^^^^
  File "/personal/wvpn-project/bot_builder/bot_builder/settings.py", line 158, in <module>
    from decouple import config
ModuleNotFoundError: No module named 'decouple'
Traceback (most recent call last):
  File "/personal/wvpn-project/vpn/main.py", line 10, in <module>
    from api.router import main_router
  File "/personal/wvpn-project/vpn/api/router.py", line 2, in <module>
    from api.v2ray.routers import client_router
  File "/personal/wvpn-project/vpn/api/v2ray/routers/__init__.py", line 1, in <module>
    from .client import(
  File "/personal/wvpn-project/vpn/api/v2ray/routers/client.py", line 5, in <module>
    from api.v2ray.resources import service
  File "/personal/wvpn-project/vpn/api/v2ray/resources/service.py", line 15, in <module>
    django.setup()
  File "/personal/wvpn-project/vpn/.venv/lib/python3.12/site-packages/django/__init__.py", line 19, in setup
    configure_logging(settings.LOGGING_CONFIG, settings.LOGGING)
                      ^^^^^^^^^^^^^^^^^^^^^^^
  File "/personal/wvpn-project/vpn/.venv/lib/python3.12/site-packages/django/conf/__init__.py", line 81, in __getattr__
    self._setup(name)
  File "/personal/wvpn-project/vpn/.venv/lib/python3.12/site-packages/django/conf/__init__.py", line 68, in _setup
    self._wrapped = Settings(settings_module)
                    ^^^^^^^^^^^^^^^^^^^^^^^^^
  File "/personal/wvpn-project/vpn/.venv/lib/python3.12/site-packages/django/conf/__init__.py", line 166, in __init__
    mod = importlib.import_module(self.SETTINGS_MODULE)
          ^^^^^^^^^^^^^^^^^^^^^^^^^^^^^^^^^^^^^^^^^^^^^
  File "/usr/lib/python3.12/importlib/__init__.py", line 90, in import_module
    return _bootstrap._gcd_import(name[level:], package, level)
           ^^^^^^^^^^^^^^^^^^^^^^^^^^^^^^^^^^^^^^^^^^^^^^^^^^^^
  File "/personal/wvpn-project/bot_builder/bot_builder/settings.py", line 158, in <module>
    from decouple import config
ModuleNotFoundError: No module named 'decouple'
Traceback (most recent call last):
  File "/personal/wvpn-project/vpn/main.py", line 10, in <module>
    from api.router import main_router
  File "/personal/wvpn-project/vpn/api/router.py", line 2, in <module>
    from api.v2ray.routers import client_router
  File "/personal/wvpn-project/vpn/api/v2ray/routers/__init__.py", line 1, in <module>
    from .client import(
  File "/personal/wvpn-project/vpn/api/v2ray/routers/client.py", line 5, in <module>
    from api.v2ray.resources import service
  File "/personal/wvpn-project/vpn/api/v2ray/resources/service.py", line 15, in <module>
    django.setup()
  File "/personal/wvpn-project/vpn/.venv/lib/python3.12/site-packages/django/__init__.py", line 19, in setup
    configure_logging(settings.LOGGING_CONFIG, settings.LOGGING)
                      ^^^^^^^^^^^^^^^^^^^^^^^
  File "/personal/wvpn-project/vpn/.venv/lib/python3.12/site-packages/django/conf/__init__.py", line 81, in __getattr__
    self._setup(name)
  File "/personal/wvpn-project/vpn/.venv/lib/python3.12/site-packages/django/conf/__init__.py", line 68, in _setup
    self._wrapped = Settings(settings_module)
                    ^^^^^^^^^^^^^^^^^^^^^^^^^
  File "/personal/wvpn-project/vpn/.venv/lib/python3.12/site-packages/django/conf/__init__.py", line 166, in __init__
    mod = importlib.import_module(self.SETTINGS_MODULE)
          ^^^^^^^^^^^^^^^^^^^^^^^^^^^^^^^^^^^^^^^^^^^^^
  File "/usr/lib/python3.12/importlib/__init__.py", line 90, in import_module
    return _bootstrap._gcd_import(name[level:], package, level)
           ^^^^^^^^^^^^^^^^^^^^^^^^^^^^^^^^^^^^^^^^^^^^^^^^^^^^
  File "/personal/wvpn-project/bot_builder/bot_builder/settings.py", line 158, in <module>
    from decouple import config
ModuleNotFoundError: No module named 'decouple'
Traceback (most recent call last):
  File "/personal/wvpn-project/vpn/main.py", line 10, in <module>
    from api.router import main_router
  File "/personal/wvpn-project/vpn/api/router.py", line 2, in <module>
    from api.v2ray.routers import client_router
  File "/personal/wvpn-project/vpn/api/v2ray/routers/__init__.py", line 1, in <module>
    from .client import(
  File "/personal/wvpn-project/vpn/api/v2ray/routers/client.py", line 5, in <module>
    from api.v2ray.resources import service
  File "/personal/wvpn-project/vpn/api/v2ray/resources/service.py", line 15, in <module>
    django.setup()
  File "/personal/wvpn-project/vpn/.venv/lib/python3.12/site-packages/django/__init__.py", line 19, in setup
    configure_logging(settings.LOGGING_CONFIG, settings.LOGGING)
                      ^^^^^^^^^^^^^^^^^^^^^^^
  File "/personal/wvpn-project/vpn/.venv/lib/python3.12/site-packages/django/conf/__init__.py", line 81, in __getattr__
    self._setup(name)
  File "/personal/wvpn-project/vpn/.venv/lib/python3.12/site-packages/django/conf/__init__.py", line 68, in _setup
    self._wrapped = Settings(settings_module)
                    ^^^^^^^^^^^^^^^^^^^^^^^^^
  File "/personal/wvpn-project/vpn/.venv/lib/python3.12/site-packages/django/conf/__init__.py", line 166, in __init__
    mod = importlib.import_module(self.SETTINGS_MODULE)
          ^^^^^^^^^^^^^^^^^^^^^^^^^^^^^^^^^^^^^^^^^^^^^
  File "/usr/lib/python3.12/importlib/__init__.py", line 90, in import_module
    return _bootstrap._gcd_import(name[level:], package, level)
           ^^^^^^^^^^^^^^^^^^^^^^^^^^^^^^^^^^^^^^^^^^^^^^^^^^^^
  File "/personal/wvpn-project/bot_builder/bot_builder/settings.py", line 158, in <module>
    from decouple import config
ModuleNotFoundError: No module named 'decouple'
